ticker1,ticker2,sector1,sector2,sector_connection,sector_weight
MA,SBUX,Healthcare,Healthcare,same_sector,1.0
MA,HD,Healthcare,Consumer Discretionary,different_sector,0.1
MA,PG,Healthcare,Healthcare,same_sector,1.0
MA,PEP,Healthcare,Financials,different_sector,0.1
MA,FDX,Healthcare,Energy,different_sector,0.1
MA,CAT,Healthcare,Technology,different_sector,0.1
MA,ACN,Healthcare,Consumer Discretionary,different_sector,0.1
MA,TSLA,Healthcare,Financials,different_sector,0.1
MA,META,Healthcare,Technology,different_sector,0.1
MA,BRK-B,Healthcare,Consumer Discretionary,different_sector,0.1
MA,AAPL,Healthcare,Financials,different_sector,0.1
MA,AXP,Healthcare,Technology,different_sector,0.1
MA,PFE,Healthcare,Financials,different_sector,0.1
MA,CVX,Healthcare,Consumer Discretionary,different_sector,0.1
MA,ORCL,Healthcare,Technology,different_sector,0.1
MA,TXN,Healthcare,Technology,different_sector,0.1
MA,NKE,Healthcare,Consumer Discretionary,different_sector,0.1
MA,MRK,Healthcare,Energy,different_sector,0.1
MA,COST,Healthcare,Financials,different_sector,0.1
MA,WMT,Healthcare,Healthcare,same_sector,1.0
MA,CRM,Healthcare,Financials,different_sector,0.1
MA,BAC,Healthcare,Financials,different_sector,0.1
MA,V,Healthcare,Financials,different_sector,0.1
MA,IBM,Healthcare,Healthcare,same_sector,1.0
MA,INTC,Healthcare,Consumer Discretionary,different_sector,0.1
MA,AVGO,Healthcare,Technology,different_sector,0.1
MA,MMM,Healthcare,Consumer Discretionary,different_sector,0.1
MA,CSCO,Healthcare,Technology,different_sector,0.1
MA,JNJ,Healthcare,Consumer Discretionary,different_sector,0.1
MA,DIS,Healthcare,Financials,different_sector,0.1
MA,NVDA,Healthcare,Energy,different_sector,0.1
MA,GOOGL,Healthcare,Healthcare,same_sector,1.0
MA,JPM,Healthcare,Consumer Discretionary,different_sector,0.1
MA,AMZN,Healthcare,Consumer Discretionary,different_sector,0.1
MA,LLY,Healthcare,Energy,different_sector,0.1
MA,MSFT,Healthcare,Technology,different_sector,0.1
MA,CMCSA,Healthcare,Energy,different_sector,0.1
MA,NFLX,Healthcare,Consumer Discretionary,different_sector,0.1
MA,VZ,Healthcare,Healthcare,same_sector,1.0
MA,TMO,Healthcare,Financials,different_sector,0.1
MA,GOOG,Healthcare,Technology,different_sector,0.1
MA,QCOM,Healthcare,Technology,different_sector,0.1
MA,MCD,Healthcare,Consumer Discretionary,different_sector,0.1
MA,ABBV,Healthcare,Technology,different_sector,0.1
MA,UNH,Healthcare,Technology,different_sector,0.1
MA,KO,Healthcare,Consumer Discretionary,different_sector,0.1
MA,ADBE,Healthcare,Technology,different_sector,0.1
MA,XOM,Healthcare,Consumer Discretionary,different_sector,0.1
MA,GE,Healthcare,Technology,different_sector,0.1
SBUX,HD,Healthcare,Consumer Discretionary,different_sector,0.1
SBUX,PG,Healthcare,Healthcare,same_sector,1.0
SBUX,PEP,Healthcare,Financials,different_sector,0.1
SBUX,FDX,Healthcare,Energy,different_sector,0.1
SBUX,CAT,Healthcare,Technology,different_sector,0.1
SBUX,ACN,Healthcare,Consumer Discretionary,different_sector,0.1
SBUX,TSLA,Healthcare,Financials,different_sector,0.1
SBUX,META,Healthcare,Technology,different_sector,0.1
SBUX,BRK-B,Healthcare,Consumer Discretionary,different_sector,0.1
SBUX,AAPL,Healthcare,Financials,different_sector,0.1
SBUX,AXP,Healthcare,Technology,different_sector,0.1
SBUX,PFE,Healthcare,Financials,different_sector,0.1
SBUX,CVX,Healthcare,Consumer Discretionary,different_sector,0.1
SBUX,ORCL,Healthcare,Technology,different_sector,0.1
SBUX,TXN,Healthcare,Technology,different_sector,0.1
SBUX,NKE,Healthcare,Consumer Discretionary,different_sector,0.1
SBUX,MRK,Healthcare,Energy,different_sector,0.1
SBUX,COST,Healthcare,Financials,different_sector,0.1
SBUX,WMT,Healthcare,Healthcare,same_sector,1.0
SBUX,CRM,Healthcare,Financials,different_sector,0.1
SBUX,BAC,Healthcare,Financials,different_sector,0.1
SBUX,V,Healthcare,Financials,different_sector,0.1
SBUX,IBM,Healthcare,Healthcare,same_sector,1.0
SBUX,INTC,Healthcare,Consumer Discretionary,different_sector,0.1
SBUX,AVGO,Healthcare,Technology,different_sector,0.1
SBUX,MMM,Healthcare,Consumer Discretionary,different_sector,0.1
SBUX,CSCO,Healthcare,Technology,different_sector,0.1
SBUX,JNJ,Healthcare,Consumer Discretionary,different_sector,0.1
SBUX,DIS,Healthcare,Financials,different_sector,0.1
SBUX,NVDA,Healthcare,Energy,different_sector,0.1
SBUX,GOOGL,Healthcare,Healthcare,same_sector,1.0
SBUX,JPM,Healthcare,Consumer Discretionary,different_sector,0.1
SBUX,AMZN,Healthcare,Consumer Discretionary,different_sector,0.1
SBUX,LLY,Healthcare,Energy,different_sector,0.1
SBUX,MSFT,Healthcare,Technology,different_sector,0.1
SBUX,CMCSA,Healthcare,Energy,different_sector,0.1
SBUX,NFLX,Healthcare,Consumer Discretionary,different_sector,0.1
SBUX,VZ,Healthcare,Healthcare,same_sector,1.0
SBUX,TMO,Healthcare,Financials,different_sector,0.1
SBUX,GOOG,Healthcare,Technology,different_sector,0.1
SBUX,QCOM,Healthcare,Technology,different_sector,0.1
SBUX,MCD,Healthcare,Consumer Discretionary,different_sector,0.1
SBUX,ABBV,Healthcare,Technology,different_sector,0.1
SBUX,UNH,Healthcare,Technology,different_sector,0.1
SBUX,KO,Healthcare,Consumer Discretionary,different_sector,0.1
SBUX,ADBE,Healthcare,Technology,different_sector,0.1
SBUX,XOM,Healthcare,Consumer Discretionary,different_sector,0.1
SBUX,GE,Healthcare,Technology,different_sector,0.1
HD,PG,Consumer Discretionary,Healthcare,different_sector,0.1
HD,PEP,Consumer Discretionary,Financials,different_sector,0.1
HD,FDX,Consumer Discretionary,Energy,different_sector,0.1
HD,CAT,Consumer Discretionary,Technology,different_sector,0.1
HD,ACN,Consumer Discretionary,Consumer Discretionary,same_sector,1.0
HD,TSLA,Consumer Discretionary,Financials,different_sector,0.1
HD,META,Consumer Discretionary,Technology,different_sector,0.1
HD,BRK-B,Consumer Discretionary,Consumer Discretionary,same_sector,1.0
HD,AAPL,Consumer Discretionary,Financials,different_sector,0.1
HD,AXP,Consumer Discretionary,Technology,different_sector,0.1
HD,PFE,Consumer Discretionary,Financials,different_sector,0.1
HD,CVX,Consumer Discretionary,Consumer Discretionary,same_sector,1.0
HD,ORCL,Consumer Discretionary,Technology,different_sector,0.1
HD,TXN,Consumer Discretionary,Technology,different_sector,0.1
HD,NKE,Consumer Discretionary,Consumer Discretionary,same_sector,1.0
HD,MRK,Consumer Discretionary,Energy,different_sector,0.1
HD,COST,Consumer Discretionary,Financials,different_sector,0.1
HD,WMT,Consumer Discretionary,Healthcare,different_sector,0.1
HD,CRM,Consumer Discretionary,Financials,different_sector,0.1
HD,BAC,Consumer Discretionary,Financials,different_sector,0.1
HD,V,Consumer Discretionary,Financials,different_sector,0.1
HD,IBM,Consumer Discretionary,Healthcare,different_sector,0.1
HD,INTC,Consumer Discretionary,Consumer Discretionary,same_sector,1.0
HD,AVGO,Consumer Discretionary,Technology,different_sector,0.1
HD,MMM,Consumer Discretionary,Consumer Discretionary,same_sector,1.0
HD,CSCO,Consumer Discretionary,Technology,different_sector,0.1
HD,JNJ,Consumer Discretionary,Consumer Discretionary,same_sector,1.0
HD,DIS,Consumer Discretionary,Financials,different_sector,0.1
HD,NVDA,Consumer Discretionary,Energy,different_sector,0.1
HD,GOOGL,Consumer Discretionary,Healthcare,different_sector,0.1
HD,JPM,Consumer Discretionary,Consumer Discretionary,same_sector,1.0
HD,AMZN,Consumer Discretionary,Consumer Discretionary,same_sector,1.0
HD,LLY,Consumer Discretionary,Energy,different_sector,0.1
HD,MSFT,Consumer Discretionary,Technology,different_sector,0.1
HD,CMCSA,Consumer Discretionary,Energy,different_sector,0.1
HD,NFLX,Consumer Discretionary,Consumer Discretionary,same_sector,1.0
HD,VZ,Consumer Discretionary,Healthcare,different_sector,0.1
HD,TMO,Consumer Discretionary,Financials,different_sector,0.1
HD,GOOG,Consumer Discretionary,Technology,different_sector,0.1
HD,QCOM,Consumer Discretionary,Technology,different_sector,0.1
HD,MCD,Consumer Discretionary,Consumer Discretionary,same_sector,1.0
HD,ABBV,Consumer Discretionary,Technology,different_sector,0.1
HD,UNH,Consumer Discretionary,Technology,different_sector,0.1
HD,KO,Consumer Discretionary,Consumer Discretionary,same_sector,1.0
HD,ADBE,Consumer Discretionary,Technology,different_sector,0.1
HD,XOM,Consumer Discretionary,Consumer Discretionary,same_sector,1.0
HD,GE,Consumer Discretionary,Technology,different_sector,0.1
PG,PEP,Healthcare,Financials,different_sector,0.1
PG,FDX,Healthcare,Energy,different_sector,0.1
PG,CAT,Healthcare,Technology,different_sector,0.1
PG,ACN,Healthcare,Consumer Discretionary,different_sector,0.1
PG,TSLA,Healthcare,Financials,different_sector,0.1
PG,META,Healthcare,Technology,different_sector,0.1
PG,BRK-B,Healthcare,Consumer Discretionary,different_sector,0.1
PG,AAPL,Healthcare,Financials,different_sector,0.1
PG,AXP,Healthcare,Technology,different_sector,0.1
PG,PFE,Healthcare,Financials,different_sector,0.1
PG,CVX,Healthcare,Consumer Discretionary,different_sector,0.1
PG,ORCL,Healthcare,Technology,different_sector,0.1
PG,TXN,Healthcare,Technology,different_sector,0.1
PG,NKE,Healthcare,Consumer Discretionary,different_sector,0.1
PG,MRK,Healthcare,Energy,different_sector,0.1
PG,COST,Healthcare,Financials,different_sector,0.1
PG,WMT,Healthcare,Healthcare,same_sector,1.0
PG,CRM,Healthcare,Financials,different_sector,0.1
PG,BAC,Healthcare,Financials,different_sector,0.1
PG,V,Healthcare,Financials,different_sector,0.1
PG,IBM,Healthcare,Healthcare,same_sector,1.0
PG,INTC,Healthcare,Consumer Discretionary,different_sector,0.1
PG,AVGO,Healthcare,Technology,different_sector,0.1
PG,MMM,Healthcare,Consumer Discretionary,different_sector,0.1
PG,CSCO,Healthcare,Technology,different_sector,0.1
PG,JNJ,Healthcare,Consumer Discretionary,different_sector,0.1
PG,DIS,Healthcare,Financials,different_sector,0.1
PG,NVDA,Healthcare,Energy,different_sector,0.1
PG,GOOGL,Healthcare,Healthcare,same_sector,1.0
PG,JPM,Healthcare,Consumer Discretionary,different_sector,0.1
PG,AMZN,Healthcare,Consumer Discretionary,different_sector,0.1
PG,LLY,Healthcare,Energy,different_sector,0.1
PG,MSFT,Healthcare,Technology,different_sector,0.1
PG,CMCSA,Healthcare,Energy,different_sector,0.1
PG,NFLX,Healthcare,Consumer Discretionary,different_sector,0.1
PG,VZ,Healthcare,Healthcare,same_sector,1.0
PG,TMO,Healthcare,Financials,different_sector,0.1
PG,GOOG,Healthcare,Technology,different_sector,0.1
PG,QCOM,Healthcare,Technology,different_sector,0.1
PG,MCD,Healthcare,Consumer Discretionary,different_sector,0.1
PG,ABBV,Healthcare,Technology,different_sector,0.1
PG,UNH,Healthcare,Technology,different_sector,0.1
PG,KO,Healthcare,Consumer Discretionary,different_sector,0.1
PG,ADBE,Healthcare,Technology,different_sector,0.1
PG,XOM,Healthcare,Consumer Discretionary,different_sector,0.1
PG,GE,Healthcare,Technology,different_sector,0.1
PEP,FDX,Financials,Energy,different_sector,0.1
PEP,CAT,Financials,Technology,different_sector,0.1
PEP,ACN,Financials,Consumer Discretionary,different_sector,0.1
PEP,TSLA,Financials,Financials,same_sector,1.0
PEP,META,Financials,Technology,different_sector,0.1
PEP,BRK-B,Financials,Consumer Discretionary,different_sector,0.1
PEP,AAPL,Financials,Financials,same_sector,1.0
PEP,AXP,Financials,Technology,different_sector,0.1
PEP,PFE,Financials,Financials,same_sector,1.0
PEP,CVX,Financials,Consumer Discretionary,different_sector,0.1
PEP,ORCL,Financials,Technology,different_sector,0.1
PEP,TXN,Financials,Technology,different_sector,0.1
PEP,NKE,Financials,Consumer Discretionary,different_sector,0.1
PEP,MRK,Financials,Energy,different_sector,0.1
PEP,COST,Financials,Financials,same_sector,1.0
PEP,WMT,Financials,Healthcare,different_sector,0.1
PEP,CRM,Financials,Financials,same_sector,1.0
PEP,BAC,Financials,Financials,same_sector,1.0
PEP,V,Financials,Financials,same_sector,1.0
PEP,IBM,Financials,Healthcare,different_sector,0.1
PEP,INTC,Financials,Consumer Discretionary,different_sector,0.1
PEP,AVGO,Financials,Technology,different_sector,0.1
PEP,MMM,Financials,Consumer Discretionary,different_sector,0.1
PEP,CSCO,Financials,Technology,different_sector,0.1
PEP,JNJ,Financials,Consumer Discretionary,different_sector,0.1
PEP,DIS,Financials,Financials,same_sector,1.0
PEP,NVDA,Financials,Energy,different_sector,0.1
PEP,GOOGL,Financials,Healthcare,different_sector,0.1
PEP,JPM,Financials,Consumer Discretionary,different_sector,0.1
PEP,AMZN,Financials,Consumer Discretionary,different_sector,0.1
PEP,LLY,Financials,Energy,different_sector,0.1
PEP,MSFT,Financials,Technology,different_sector,0.1
PEP,CMCSA,Financials,Energy,different_sector,0.1
PEP,NFLX,Financials,Consumer Discretionary,different_sector,0.1
PEP,VZ,Financials,Healthcare,different_sector,0.1
PEP,TMO,Financials,Financials,same_sector,1.0
PEP,GOOG,Financials,Technology,different_sector,0.1
PEP,QCOM,Financials,Technology,different_sector,0.1
PEP,MCD,Financials,Consumer Discretionary,different_sector,0.1
PEP,ABBV,Financials,Technology,different_sector,0.1
PEP,UNH,Financials,Technology,different_sector,0.1
PEP,KO,Financials,Consumer Discretionary,different_sector,0.1
PEP,ADBE,Financials,Technology,different_sector,0.1
PEP,XOM,Financials,Consumer Discretionary,different_sector,0.1
PEP,GE,Financials,Technology,different_sector,0.1
FDX,CAT,Energy,Technology,different_sector,0.1
FDX,ACN,Energy,Consumer Discretionary,different_sector,0.1
FDX,TSLA,Energy,Financials,different_sector,0.1
FDX,META,Energy,Technology,different_sector,0.1
FDX,BRK-B,Energy,Consumer Discretionary,different_sector,0.1
FDX,AAPL,Energy,Financials,different_sector,0.1
FDX,AXP,Energy,Technology,different_sector,0.1
FDX,PFE,Energy,Financials,different_sector,0.1
FDX,CVX,Energy,Consumer Discretionary,different_sector,0.1
FDX,ORCL,Energy,Technology,different_sector,0.1
FDX,TXN,Energy,Technology,different_sector,0.1
FDX,NKE,Energy,Consumer Discretionary,different_sector,0.1
FDX,MRK,Energy,Energy,same_sector,1.0
FDX,COST,Energy,Financials,different_sector,0.1
FDX,WMT,Energy,Healthcare,different_sector,0.1
FDX,CRM,Energy,Financials,different_sector,0.1
FDX,BAC,Energy,Financials,different_sector,0.1
FDX,V,Energy,Financials,different_sector,0.1
FDX,IBM,Energy,Healthcare,different_sector,0.1
FDX,INTC,Energy,Consumer Discretionary,different_sector,0.1
FDX,AVGO,Energy,Technology,different_sector,0.1
FDX,MMM,Energy,Consumer Discretionary,different_sector,0.1
FDX,CSCO,Energy,Technology,different_sector,0.1
FDX,JNJ,Energy,Consumer Discretionary,different_sector,0.1
FDX,DIS,Energy,Financials,different_sector,0.1
FDX,NVDA,Energy,Energy,same_sector,1.0
FDX,GOOGL,Energy,Healthcare,different_sector,0.1
FDX,JPM,Energy,Consumer Discretionary,different_sector,0.1
FDX,AMZN,Energy,Consumer Discretionary,different_sector,0.1
FDX,LLY,Energy,Energy,same_sector,1.0
FDX,MSFT,Energy,Technology,different_sector,0.1
FDX,CMCSA,Energy,Energy,same_sector,1.0
FDX,NFLX,Energy,Consumer Discretionary,different_sector,0.1
FDX,VZ,Energy,Healthcare,different_sector,0.1
FDX,TMO,Energy,Financials,different_sector,0.1
FDX,GOOG,Energy,Technology,different_sector,0.1
FDX,QCOM,Energy,Technology,different_sector,0.1
FDX,MCD,Energy,Consumer Discretionary,different_sector,0.1
FDX,ABBV,Energy,Technology,different_sector,0.1
FDX,UNH,Energy,Technology,different_sector,0.1
FDX,KO,Energy,Consumer Discretionary,different_sector,0.1
FDX,ADBE,Energy,Technology,different_sector,0.1
FDX,XOM,Energy,Consumer Discretionary,different_sector,0.1
FDX,GE,Energy,Technology,different_sector,0.1
CAT,ACN,Technology,Consumer Discretionary,different_sector,0.1
CAT,TSLA,Technology,Financials,different_sector,0.1
CAT,META,Technology,Technology,same_sector,1.0
CAT,BRK-B,Technology,Consumer Discretionary,different_sector,0.1
CAT,AAPL,Technology,Financials,different_sector,0.1
CAT,AXP,Technology,Technology,same_sector,1.0
CAT,PFE,Technology,Financials,different_sector,0.1
CAT,CVX,Technology,Consumer Discretionary,different_sector,0.1
CAT,ORCL,Technology,Technology,same_sector,1.0
CAT,TXN,Technology,Technology,same_sector,1.0
CAT,NKE,Technology,Consumer Discretionary,different_sector,0.1
CAT,MRK,Technology,Energy,different_sector,0.1
CAT,COST,Technology,Financials,different_sector,0.1
CAT,WMT,Technology,Healthcare,different_sector,0.1
CAT,CRM,Technology,Financials,different_sector,0.1
CAT,BAC,Technology,Financials,different_sector,0.1
CAT,V,Technology,Financials,different_sector,0.1
CAT,IBM,Technology,Healthcare,different_sector,0.1
CAT,INTC,Technology,Consumer Discretionary,different_sector,0.1
CAT,AVGO,Technology,Technology,same_sector,1.0
CAT,MMM,Technology,Consumer Discretionary,different_sector,0.1
CAT,CSCO,Technology,Technology,same_sector,1.0
CAT,JNJ,Technology,Consumer Discretionary,different_sector,0.1
CAT,DIS,Technology,Financials,different_sector,0.1
CAT,NVDA,Technology,Energy,different_sector,0.1
CAT,GOOGL,Technology,Healthcare,different_sector,0.1
CAT,JPM,Technology,Consumer Discretionary,different_sector,0.1
CAT,AMZN,Technology,Consumer Discretionary,different_sector,0.1
CAT,LLY,Technology,Energy,different_sector,0.1
CAT,MSFT,Technology,Technology,same_sector,1.0
CAT,CMCSA,Technology,Energy,different_sector,0.1
CAT,NFLX,Technology,Consumer Discretionary,different_sector,0.1
CAT,VZ,Technology,Healthcare,different_sector,0.1
CAT,TMO,Technology,Financials,different_sector,0.1
CAT,GOOG,Technology,Technology,same_sector,1.0
CAT,QCOM,Technology,Technology,same_sector,1.0
CAT,MCD,Technology,Consumer Discretionary,different_sector,0.1
CAT,ABBV,Technology,Technology,same_sector,1.0
CAT,UNH,Technology,Technology,same_sector,1.0
CAT,KO,Technology,Consumer Discretionary,different_sector,0.1
CAT,ADBE,Technology,Technology,same_sector,1.0
CAT,XOM,Technology,Consumer Discretionary,different_sector,0.1
CAT,GE,Technology,Technology,same_sector,1.0
ACN,TSLA,Consumer Discretionary,Financials,different_sector,0.1
ACN,META,Consumer Discretionary,Technology,different_sector,0.1
ACN,BRK-B,Consumer Discretionary,Consumer Discretionary,same_sector,1.0
ACN,AAPL,Consumer Discretionary,Financials,different_sector,0.1
ACN,AXP,Consumer Discretionary,Technology,different_sector,0.1
ACN,PFE,Consumer Discretionary,Financials,different_sector,0.1
ACN,CVX,Consumer Discretionary,Consumer Discretionary,same_sector,1.0
ACN,ORCL,Consumer Discretionary,Technology,different_sector,0.1
ACN,TXN,Consumer Discretionary,Technology,different_sector,0.1
ACN,NKE,Consumer Discretionary,Consumer Discretionary,same_sector,1.0
ACN,MRK,Consumer Discretionary,Energy,different_sector,0.1
ACN,COST,Consumer Discretionary,Financials,different_sector,0.1
ACN,WMT,Consumer Discretionary,Healthcare,different_sector,0.1
ACN,CRM,Consumer Discretionary,Financials,different_sector,0.1
ACN,BAC,Consumer Discretionary,Financials,different_sector,0.1
ACN,V,Consumer Discretionary,Financials,different_sector,0.1
ACN,IBM,Consumer Discretionary,Healthcare,different_sector,0.1
ACN,INTC,Consumer Discretionary,Consumer Discretionary,same_sector,1.0
ACN,AVGO,Consumer Discretionary,Technology,different_sector,0.1
ACN,MMM,Consumer Discretionary,Consumer Discretionary,same_sector,1.0
ACN,CSCO,Consumer Discretionary,Technology,different_sector,0.1
ACN,JNJ,Consumer Discretionary,Consumer Discretionary,same_sector,1.0
ACN,DIS,Consumer Discretionary,Financials,different_sector,0.1
ACN,NVDA,Consumer Discretionary,Energy,different_sector,0.1
ACN,GOOGL,Consumer Discretionary,Healthcare,different_sector,0.1
ACN,JPM,Consumer Discretionary,Consumer Discretionary,same_sector,1.0
ACN,AMZN,Consumer Discretionary,Consumer Discretionary,same_sector,1.0
ACN,LLY,Consumer Discretionary,Energy,different_sector,0.1
ACN,MSFT,Consumer Discretionary,Technology,different_sector,0.1
ACN,CMCSA,Consumer Discretionary,Energy,different_sector,0.1
ACN,NFLX,Consumer Discretionary,Consumer Discretionary,same_sector,1.0
ACN,VZ,Consumer Discretionary,Healthcare,different_sector,0.1
ACN,TMO,Consumer Discretionary,Financials,different_sector,0.1
ACN,GOOG,Consumer Discretionary,Technology,different_sector,0.1
ACN,QCOM,Consumer Discretionary,Technology,different_sector,0.1
ACN,MCD,Consumer Discretionary,Consumer Discretionary,same_sector,1.0
ACN,ABBV,Consumer Discretionary,Technology,different_sector,0.1
ACN,UNH,Consumer Discretionary,Technology,different_sector,0.1
ACN,KO,Consumer Discretionary,Consumer Discretionary,same_sector,1.0
ACN,ADBE,Consumer Discretionary,Technology,different_sector,0.1
ACN,XOM,Consumer Discretionary,Consumer Discretionary,same_sector,1.0
ACN,GE,Consumer Discretionary,Technology,different_sector,0.1
TSLA,META,Financials,Technology,different_sector,0.1
TSLA,BRK-B,Financials,Consumer Discretionary,different_sector,0.1
TSLA,AAPL,Financials,Financials,same_sector,1.0
TSLA,AXP,Financials,Technology,different_sector,0.1
TSLA,PFE,Financials,Financials,same_sector,1.0
TSLA,CVX,Financials,Consumer Discretionary,different_sector,0.1
TSLA,ORCL,Financials,Technology,different_sector,0.1
TSLA,TXN,Financials,Technology,different_sector,0.1
TSLA,NKE,Financials,Consumer Discretionary,different_sector,0.1
TSLA,MRK,Financials,Energy,different_sector,0.1
TSLA,COST,Financials,Financials,same_sector,1.0
TSLA,WMT,Financials,Healthcare,different_sector,0.1
TSLA,CRM,Financials,Financials,same_sector,1.0
TSLA,BAC,Financials,Financials,same_sector,1.0
TSLA,V,Financials,Financials,same_sector,1.0
TSLA,IBM,Financials,Healthcare,different_sector,0.1
TSLA,INTC,Financials,Consumer Discretionary,different_sector,0.1
TSLA,AVGO,Financials,Technology,different_sector,0.1
TSLA,MMM,Financials,Consumer Discretionary,different_sector,0.1
TSLA,CSCO,Financials,Technology,different_sector,0.1
TSLA,JNJ,Financials,Consumer Discretionary,different_sector,0.1
TSLA,DIS,Financials,Financials,same_sector,1.0
TSLA,NVDA,Financials,Energy,different_sector,0.1
TSLA,GOOGL,Financials,Healthcare,different_sector,0.1
TSLA,JPM,Financials,Consumer Discretionary,different_sector,0.1
TSLA,AMZN,Financials,Consumer Discretionary,different_sector,0.1
TSLA,LLY,Financials,Energy,different_sector,0.1
TSLA,MSFT,Financials,Technology,different_sector,0.1
TSLA,CMCSA,Financials,Energy,different_sector,0.1
TSLA,NFLX,Financials,Consumer Discretionary,different_sector,0.1
TSLA,VZ,Financials,Healthcare,different_sector,0.1
TSLA,TMO,Financials,Financials,same_sector,1.0
TSLA,GOOG,Financials,Technology,different_sector,0.1
TSLA,QCOM,Financials,Technology,different_sector,0.1
TSLA,MCD,Financials,Consumer Discretionary,different_sector,0.1
TSLA,ABBV,Financials,Technology,different_sector,0.1
TSLA,UNH,Financials,Technology,different_sector,0.1
TSLA,KO,Financials,Consumer Discretionary,different_sector,0.1
TSLA,ADBE,Financials,Technology,different_sector,0.1
TSLA,XOM,Financials,Consumer Discretionary,different_sector,0.1
TSLA,GE,Financials,Technology,different_sector,0.1
META,BRK-B,Technology,Consumer Discretionary,different_sector,0.1
META,AAPL,Technology,Financials,different_sector,0.1
META,AXP,Technology,Technology,same_sector,1.0
META,PFE,Technology,Financials,different_sector,0.1
META,CVX,Technology,Consumer Discretionary,different_sector,0.1
META,ORCL,Technology,Technology,same_sector,1.0
META,TXN,Technology,Technology,same_sector,1.0
META,NKE,Technology,Consumer Discretionary,different_sector,0.1
META,MRK,Technology,Energy,different_sector,0.1
META,COST,Technology,Financials,different_sector,0.1
META,WMT,Technology,Healthcare,different_sector,0.1
META,CRM,Technology,Financials,different_sector,0.1
META,BAC,Technology,Financials,different_sector,0.1
META,V,Technology,Financials,different_sector,0.1
META,IBM,Technology,Healthcare,different_sector,0.1
META,INTC,Technology,Consumer Discretionary,different_sector,0.1
META,AVGO,Technology,Technology,same_sector,1.0
META,MMM,Technology,Consumer Discretionary,different_sector,0.1
META,CSCO,Technology,Technology,same_sector,1.0
META,JNJ,Technology,Consumer Discretionary,different_sector,0.1
META,DIS,Technology,Financials,different_sector,0.1
META,NVDA,Technology,Energy,different_sector,0.1
META,GOOGL,Technology,Healthcare,different_sector,0.1
META,JPM,Technology,Consumer Discretionary,different_sector,0.1
META,AMZN,Technology,Consumer Discretionary,different_sector,0.1
META,LLY,Technology,Energy,different_sector,0.1
META,MSFT,Technology,Technology,same_sector,1.0
META,CMCSA,Technology,Energy,different_sector,0.1
META,NFLX,Technology,Consumer Discretionary,different_sector,0.1
META,VZ,Technology,Healthcare,different_sector,0.1
META,TMO,Technology,Financials,different_sector,0.1
META,GOOG,Technology,Technology,same_sector,1.0
META,QCOM,Technology,Technology,same_sector,1.0
META,MCD,Technology,Consumer Discretionary,different_sector,0.1
META,ABBV,Technology,Technology,same_sector,1.0
META,UNH,Technology,Technology,same_sector,1.0
META,KO,Technology,Consumer Discretionary,different_sector,0.1
META,ADBE,Technology,Technology,same_sector,1.0
META,XOM,Technology,Consumer Discretionary,different_sector,0.1
META,GE,Technology,Technology,same_sector,1.0
BRK-B,AAPL,Consumer Discretionary,Financials,different_sector,0.1
BRK-B,AXP,Consumer Discretionary,Technology,different_sector,0.1
BRK-B,PFE,Consumer Discretionary,Financials,different_sector,0.1
BRK-B,CVX,Consumer Discretionary,Consumer Discretionary,same_sector,1.0
BRK-B,ORCL,Consumer Discretionary,Technology,different_sector,0.1
BRK-B,TXN,Consumer Discretionary,Technology,different_sector,0.1
BRK-B,NKE,Consumer Discretionary,Consumer Discretionary,same_sector,1.0
BRK-B,MRK,Consumer Discretionary,Energy,different_sector,0.1
BRK-B,COST,Consumer Discretionary,Financials,different_sector,0.1
BRK-B,WMT,Consumer Discretionary,Healthcare,different_sector,0.1
BRK-B,CRM,Consumer Discretionary,Financials,different_sector,0.1
BRK-B,BAC,Consumer Discretionary,Financials,different_sector,0.1
BRK-B,V,Consumer Discretionary,Financials,different_sector,0.1
BRK-B,IBM,Consumer Discretionary,Healthcare,different_sector,0.1
BRK-B,INTC,Consumer Discretionary,Consumer Discretionary,same_sector,1.0
BRK-B,AVGO,Consumer Discretionary,Technology,different_sector,0.1
BRK-B,MMM,Consumer Discretionary,Consumer Discretionary,same_sector,1.0
BRK-B,CSCO,Consumer Discretionary,Technology,different_sector,0.1
BRK-B,JNJ,Consumer Discretionary,Consumer Discretionary,same_sector,1.0
BRK-B,DIS,Consumer Discretionary,Financials,different_sector,0.1
BRK-B,NVDA,Consumer Discretionary,Energy,different_sector,0.1
BRK-B,GOOGL,Consumer Discretionary,Healthcare,different_sector,0.1
BRK-B,JPM,Consumer Discretionary,Consumer Discretionary,same_sector,1.0
BRK-B,AMZN,Consumer Discretionary,Consumer Discretionary,same_sector,1.0
BRK-B,LLY,Consumer Discretionary,Energy,different_sector,0.1
BRK-B,MSFT,Consumer Discretionary,Technology,different_sector,0.1
BRK-B,CMCSA,Consumer Discretionary,Energy,different_sector,0.1
BRK-B,NFLX,Consumer Discretionary,Consumer Discretionary,same_sector,1.0
BRK-B,VZ,Consumer Discretionary,Healthcare,different_sector,0.1
BRK-B,TMO,Consumer Discretionary,Financials,different_sector,0.1
BRK-B,GOOG,Consumer Discretionary,Technology,different_sector,0.1
BRK-B,QCOM,Consumer Discretionary,Technology,different_sector,0.1
BRK-B,MCD,Consumer Discretionary,Consumer Discretionary,same_sector,1.0
BRK-B,ABBV,Consumer Discretionary,Technology,different_sector,0.1
BRK-B,UNH,Consumer Discretionary,Technology,different_sector,0.1
BRK-B,KO,Consumer Discretionary,Consumer Discretionary,same_sector,1.0
BRK-B,ADBE,Consumer Discretionary,Technology,different_sector,0.1
BRK-B,XOM,Consumer Discretionary,Consumer Discretionary,same_sector,1.0
BRK-B,GE,Consumer Discretionary,Technology,different_sector,0.1
AAPL,AXP,Financials,Technology,different_sector,0.1
AAPL,PFE,Financials,Financials,same_sector,1.0
AAPL,CVX,Financials,Consumer Discretionary,different_sector,0.1
AAPL,ORCL,Financials,Technology,different_sector,0.1
AAPL,TXN,Financials,Technology,different_sector,0.1
AAPL,NKE,Financials,Consumer Discretionary,different_sector,0.1
AAPL,MRK,Financials,Energy,different_sector,0.1
AAPL,COST,Financials,Financials,same_sector,1.0
AAPL,WMT,Financials,Healthcare,different_sector,0.1
AAPL,CRM,Financials,Financials,same_sector,1.0
AAPL,BAC,Financials,Financials,same_sector,1.0
AAPL,V,Financials,Financials,same_sector,1.0
AAPL,IBM,Financials,Healthcare,different_sector,0.1
AAPL,INTC,Financials,Consumer Discretionary,different_sector,0.1
AAPL,AVGO,Financials,Technology,different_sector,0.1
AAPL,MMM,Financials,Consumer Discretionary,different_sector,0.1
AAPL,CSCO,Financials,Technology,different_sector,0.1
AAPL,JNJ,Financials,Consumer Discretionary,different_sector,0.1
AAPL,DIS,Financials,Financials,same_sector,1.0
AAPL,NVDA,Financials,Energy,different_sector,0.1
AAPL,GOOGL,Financials,Healthcare,different_sector,0.1
AAPL,JPM,Financials,Consumer Discretionary,different_sector,0.1
AAPL,AMZN,Financials,Consumer Discretionary,different_sector,0.1
AAPL,LLY,Financials,Energy,different_sector,0.1
AAPL,MSFT,Financials,Technology,different_sector,0.1
AAPL,CMCSA,Financials,Energy,different_sector,0.1
AAPL,NFLX,Financials,Consumer Discretionary,different_sector,0.1
AAPL,VZ,Financials,Healthcare,different_sector,0.1
AAPL,TMO,Financials,Financials,same_sector,1.0
AAPL,GOOG,Financials,Technology,different_sector,0.1
AAPL,QCOM,Financials,Technology,different_sector,0.1
AAPL,MCD,Financials,Consumer Discretionary,different_sector,0.1
AAPL,ABBV,Financials,Technology,different_sector,0.1
AAPL,UNH,Financials,Technology,different_sector,0.1
AAPL,KO,Financials,Consumer Discretionary,different_sector,0.1
AAPL,ADBE,Financials,Technology,different_sector,0.1
AAPL,XOM,Financials,Consumer Discretionary,different_sector,0.1
AAPL,GE,Financials,Technology,different_sector,0.1
AXP,PFE,Technology,Financials,different_sector,0.1
AXP,CVX,Technology,Consumer Discretionary,different_sector,0.1
AXP,ORCL,Technology,Technology,same_sector,1.0
AXP,TXN,Technology,Technology,same_sector,1.0
AXP,NKE,Technology,Consumer Discretionary,different_sector,0.1
AXP,MRK,Technology,Energy,different_sector,0.1
AXP,COST,Technology,Financials,different_sector,0.1
AXP,WMT,Technology,Healthcare,different_sector,0.1
AXP,CRM,Technology,Financials,different_sector,0.1
AXP,BAC,Technology,Financials,different_sector,0.1
AXP,V,Technology,Financials,different_sector,0.1
AXP,IBM,Technology,Healthcare,different_sector,0.1
AXP,INTC,Technology,Consumer Discretionary,different_sector,0.1
AXP,AVGO,Technology,Technology,same_sector,1.0
AXP,MMM,Technology,Consumer Discretionary,different_sector,0.1
AXP,CSCO,Technology,Technology,same_sector,1.0
AXP,JNJ,Technology,Consumer Discretionary,different_sector,0.1
AXP,DIS,Technology,Financials,different_sector,0.1
AXP,NVDA,Technology,Energy,different_sector,0.1
AXP,GOOGL,Technology,Healthcare,different_sector,0.1
AXP,JPM,Technology,Consumer Discretionary,different_sector,0.1
AXP,AMZN,Technology,Consumer Discretionary,different_sector,0.1
AXP,LLY,Technology,Energy,different_sector,0.1
AXP,MSFT,Technology,Technology,same_sector,1.0
AXP,CMCSA,Technology,Energy,different_sector,0.1
AXP,NFLX,Technology,Consumer Discretionary,different_sector,0.1
AXP,VZ,Technology,Healthcare,different_sector,0.1
AXP,TMO,Technology,Financials,different_sector,0.1
AXP,GOOG,Technology,Technology,same_sector,1.0
AXP,QCOM,Technology,Technology,same_sector,1.0
AXP,MCD,Technology,Consumer Discretionary,different_sector,0.1
AXP,ABBV,Technology,Technology,same_sector,1.0
AXP,UNH,Technology,Technology,same_sector,1.0
AXP,KO,Technology,Consumer Discretionary,different_sector,0.1
AXP,ADBE,Technology,Technology,same_sector,1.0
AXP,XOM,Technology,Consumer Discretionary,different_sector,0.1
AXP,GE,Technology,Technology,same_sector,1.0
PFE,CVX,Financials,Consumer Discretionary,different_sector,0.1
PFE,ORCL,Financials,Technology,different_sector,0.1
PFE,TXN,Financials,Technology,different_sector,0.1
PFE,NKE,Financials,Consumer Discretionary,different_sector,0.1
PFE,MRK,Financials,Energy,different_sector,0.1
PFE,COST,Financials,Financials,same_sector,1.0
PFE,WMT,Financials,Healthcare,different_sector,0.1
PFE,CRM,Financials,Financials,same_sector,1.0
PFE,BAC,Financials,Financials,same_sector,1.0
PFE,V,Financials,Financials,same_sector,1.0
PFE,IBM,Financials,Healthcare,different_sector,0.1
PFE,INTC,Financials,Consumer Discretionary,different_sector,0.1
PFE,AVGO,Financials,Technology,different_sector,0.1
PFE,MMM,Financials,Consumer Discretionary,different_sector,0.1
PFE,CSCO,Financials,Technology,different_sector,0.1
PFE,JNJ,Financials,Consumer Discretionary,different_sector,0.1
PFE,DIS,Financials,Financials,same_sector,1.0
PFE,NVDA,Financials,Energy,different_sector,0.1
PFE,GOOGL,Financials,Healthcare,different_sector,0.1
PFE,JPM,Financials,Consumer Discretionary,different_sector,0.1
PFE,AMZN,Financials,Consumer Discretionary,different_sector,0.1
PFE,LLY,Financials,Energy,different_sector,0.1
PFE,MSFT,Financials,Technology,different_sector,0.1
PFE,CMCSA,Financials,Energy,different_sector,0.1
PFE,NFLX,Financials,Consumer Discretionary,different_sector,0.1
PFE,VZ,Financials,Healthcare,different_sector,0.1
PFE,TMO,Financials,Financials,same_sector,1.0
PFE,GOOG,Financials,Technology,different_sector,0.1
PFE,QCOM,Financials,Technology,different_sector,0.1
PFE,MCD,Financials,Consumer Discretionary,different_sector,0.1
PFE,ABBV,Financials,Technology,different_sector,0.1
PFE,UNH,Financials,Technology,different_sector,0.1
PFE,KO,Financials,Consumer Discretionary,different_sector,0.1
PFE,ADBE,Financials,Technology,different_sector,0.1
PFE,XOM,Financials,Consumer Discretionary,different_sector,0.1
PFE,GE,Financials,Technology,different_sector,0.1
CVX,ORCL,Consumer Discretionary,Technology,different_sector,0.1
CVX,TXN,Consumer Discretionary,Technology,different_sector,0.1
CVX,NKE,Consumer Discretionary,Consumer Discretionary,same_sector,1.0
CVX,MRK,Consumer Discretionary,Energy,different_sector,0.1
CVX,COST,Consumer Discretionary,Financials,different_sector,0.1
CVX,WMT,Consumer Discretionary,Healthcare,different_sector,0.1
CVX,CRM,Consumer Discretionary,Financials,different_sector,0.1
CVX,BAC,Consumer Discretionary,Financials,different_sector,0.1
CVX,V,Consumer Discretionary,Financials,different_sector,0.1
CVX,IBM,Consumer Discretionary,Healthcare,different_sector,0.1
CVX,INTC,Consumer Discretionary,Consumer Discretionary,same_sector,1.0
CVX,AVGO,Consumer Discretionary,Technology,different_sector,0.1
CVX,MMM,Consumer Discretionary,Consumer Discretionary,same_sector,1.0
CVX,CSCO,Consumer Discretionary,Technology,different_sector,0.1
CVX,JNJ,Consumer Discretionary,Consumer Discretionary,same_sector,1.0
CVX,DIS,Consumer Discretionary,Financials,different_sector,0.1
CVX,NVDA,Consumer Discretionary,Energy,different_sector,0.1
CVX,GOOGL,Consumer Discretionary,Healthcare,different_sector,0.1
CVX,JPM,Consumer Discretionary,Consumer Discretionary,same_sector,1.0
CVX,AMZN,Consumer Discretionary,Consumer Discretionary,same_sector,1.0
CVX,LLY,Consumer Discretionary,Energy,different_sector,0.1
CVX,MSFT,Consumer Discretionary,Technology,different_sector,0.1
CVX,CMCSA,Consumer Discretionary,Energy,different_sector,0.1
CVX,NFLX,Consumer Discretionary,Consumer Discretionary,same_sector,1.0
CVX,VZ,Consumer Discretionary,Healthcare,different_sector,0.1
CVX,TMO,Consumer Discretionary,Financials,different_sector,0.1
CVX,GOOG,Consumer Discretionary,Technology,different_sector,0.1
CVX,QCOM,Consumer Discretionary,Technology,different_sector,0.1
CVX,MCD,Consumer Discretionary,Consumer Discretionary,same_sector,1.0
CVX,ABBV,Consumer Discretionary,Technology,different_sector,0.1
CVX,UNH,Consumer Discretionary,Technology,different_sector,0.1
CVX,KO,Consumer Discretionary,Consumer Discretionary,same_sector,1.0
CVX,ADBE,Consumer Discretionary,Technology,different_sector,0.1
CVX,XOM,Consumer Discretionary,Consumer Discretionary,same_sector,1.0
CVX,GE,Consumer Discretionary,Technology,different_sector,0.1
ORCL,TXN,Technology,Technology,same_sector,1.0
ORCL,NKE,Technology,Consumer Discretionary,different_sector,0.1
ORCL,MRK,Technology,Energy,different_sector,0.1
ORCL,COST,Technology,Financials,different_sector,0.1
ORCL,WMT,Technology,Healthcare,different_sector,0.1
ORCL,CRM,Technology,Financials,different_sector,0.1
ORCL,BAC,Technology,Financials,different_sector,0.1
ORCL,V,Technology,Financials,different_sector,0.1
ORCL,IBM,Technology,Healthcare,different_sector,0.1
ORCL,INTC,Technology,Consumer Discretionary,different_sector,0.1
ORCL,AVGO,Technology,Technology,same_sector,1.0
ORCL,MMM,Technology,Consumer Discretionary,different_sector,0.1
ORCL,CSCO,Technology,Technology,same_sector,1.0
ORCL,JNJ,Technology,Consumer Discretionary,different_sector,0.1
ORCL,DIS,Technology,Financials,different_sector,0.1
ORCL,NVDA,Technology,Energy,different_sector,0.1
ORCL,GOOGL,Technology,Healthcare,different_sector,0.1
ORCL,JPM,Technology,Consumer Discretionary,different_sector,0.1
ORCL,AMZN,Technology,Consumer Discretionary,different_sector,0.1
ORCL,LLY,Technology,Energy,different_sector,0.1
ORCL,MSFT,Technology,Technology,same_sector,1.0
ORCL,CMCSA,Technology,Energy,different_sector,0.1
ORCL,NFLX,Technology,Consumer Discretionary,different_sector,0.1
ORCL,VZ,Technology,Healthcare,different_sector,0.1
ORCL,TMO,Technology,Financials,different_sector,0.1
ORCL,GOOG,Technology,Technology,same_sector,1.0
ORCL,QCOM,Technology,Technology,same_sector,1.0
ORCL,MCD,Technology,Consumer Discretionary,different_sector,0.1
ORCL,ABBV,Technology,Technology,same_sector,1.0
ORCL,UNH,Technology,Technology,same_sector,1.0
ORCL,KO,Technology,Consumer Discretionary,different_sector,0.1
ORCL,ADBE,Technology,Technology,same_sector,1.0
ORCL,XOM,Technology,Consumer Discretionary,different_sector,0.1
ORCL,GE,Technology,Technology,same_sector,1.0
TXN,NKE,Technology,Consumer Discretionary,different_sector,0.1
TXN,MRK,Technology,Energy,different_sector,0.1
TXN,COST,Technology,Financials,different_sector,0.1
TXN,WMT,Technology,Healthcare,different_sector,0.1
TXN,CRM,Technology,Financials,different_sector,0.1
TXN,BAC,Technology,Financials,different_sector,0.1
TXN,V,Technology,Financials,different_sector,0.1
TXN,IBM,Technology,Healthcare,different_sector,0.1
TXN,INTC,Technology,Consumer Discretionary,different_sector,0.1
TXN,AVGO,Technology,Technology,same_sector,1.0
TXN,MMM,Technology,Consumer Discretionary,different_sector,0.1
TXN,CSCO,Technology,Technology,same_sector,1.0
TXN,JNJ,Technology,Consumer Discretionary,different_sector,0.1
TXN,DIS,Technology,Financials,different_sector,0.1
TXN,NVDA,Technology,Energy,different_sector,0.1
TXN,GOOGL,Technology,Healthcare,different_sector,0.1
TXN,JPM,Technology,Consumer Discretionary,different_sector,0.1
TXN,AMZN,Technology,Consumer Discretionary,different_sector,0.1
TXN,LLY,Technology,Energy,different_sector,0.1
TXN,MSFT,Technology,Technology,same_sector,1.0
TXN,CMCSA,Technology,Energy,different_sector,0.1
TXN,NFLX,Technology,Consumer Discretionary,different_sector,0.1
TXN,VZ,Technology,Healthcare,different_sector,0.1
TXN,TMO,Technology,Financials,different_sector,0.1
TXN,GOOG,Technology,Technology,same_sector,1.0
TXN,QCOM,Technology,Technology,same_sector,1.0
TXN,MCD,Technology,Consumer Discretionary,different_sector,0.1
TXN,ABBV,Technology,Technology,same_sector,1.0
TXN,UNH,Technology,Technology,same_sector,1.0
TXN,KO,Technology,Consumer Discretionary,different_sector,0.1
TXN,ADBE,Technology,Technology,same_sector,1.0
TXN,XOM,Technology,Consumer Discretionary,different_sector,0.1
TXN,GE,Technology,Technology,same_sector,1.0
NKE,MRK,Consumer Discretionary,Energy,different_sector,0.1
NKE,COST,Consumer Discretionary,Financials,different_sector,0.1
NKE,WMT,Consumer Discretionary,Healthcare,different_sector,0.1
NKE,CRM,Consumer Discretionary,Financials,different_sector,0.1
NKE,BAC,Consumer Discretionary,Financials,different_sector,0.1
NKE,V,Consumer Discretionary,Financials,different_sector,0.1
NKE,IBM,Consumer Discretionary,Healthcare,different_sector,0.1
NKE,INTC,Consumer Discretionary,Consumer Discretionary,same_sector,1.0
NKE,AVGO,Consumer Discretionary,Technology,different_sector,0.1
NKE,MMM,Consumer Discretionary,Consumer Discretionary,same_sector,1.0
NKE,CSCO,Consumer Discretionary,Technology,different_sector,0.1
NKE,JNJ,Consumer Discretionary,Consumer Discretionary,same_sector,1.0
NKE,DIS,Consumer Discretionary,Financials,different_sector,0.1
NKE,NVDA,Consumer Discretionary,Energy,different_sector,0.1
NKE,GOOGL,Consumer Discretionary,Healthcare,different_sector,0.1
NKE,JPM,Consumer Discretionary,Consumer Discretionary,same_sector,1.0
NKE,AMZN,Consumer Discretionary,Consumer Discretionary,same_sector,1.0
NKE,LLY,Consumer Discretionary,Energy,different_sector,0.1
NKE,MSFT,Consumer Discretionary,Technology,different_sector,0.1
NKE,CMCSA,Consumer Discretionary,Energy,different_sector,0.1
NKE,NFLX,Consumer Discretionary,Consumer Discretionary,same_sector,1.0
NKE,VZ,Consumer Discretionary,Healthcare,different_sector,0.1
NKE,TMO,Consumer Discretionary,Financials,different_sector,0.1
NKE,GOOG,Consumer Discretionary,Technology,different_sector,0.1
NKE,QCOM,Consumer Discretionary,Technology,different_sector,0.1
NKE,MCD,Consumer Discretionary,Consumer Discretionary,same_sector,1.0
NKE,ABBV,Consumer Discretionary,Technology,different_sector,0.1
NKE,UNH,Consumer Discretionary,Technology,different_sector,0.1
NKE,KO,Consumer Discretionary,Consumer Discretionary,same_sector,1.0
NKE,ADBE,Consumer Discretionary,Technology,different_sector,0.1
NKE,XOM,Consumer Discretionary,Consumer Discretionary,same_sector,1.0
NKE,GE,Consumer Discretionary,Technology,different_sector,0.1
MRK,COST,Energy,Financials,different_sector,0.1
MRK,WMT,Energy,Healthcare,different_sector,0.1
MRK,CRM,Energy,Financials,different_sector,0.1
MRK,BAC,Energy,Financials,different_sector,0.1
MRK,V,Energy,Financials,different_sector,0.1
MRK,IBM,Energy,Healthcare,different_sector,0.1
MRK,INTC,Energy,Consumer Discretionary,different_sector,0.1
MRK,AVGO,Energy,Technology,different_sector,0.1
MRK,MMM,Energy,Consumer Discretionary,different_sector,0.1
MRK,CSCO,Energy,Technology,different_sector,0.1
MRK,JNJ,Energy,Consumer Discretionary,different_sector,0.1
MRK,DIS,Energy,Financials,different_sector,0.1
MRK,NVDA,Energy,Energy,same_sector,1.0
MRK,GOOGL,Energy,Healthcare,different_sector,0.1
MRK,JPM,Energy,Consumer Discretionary,different_sector,0.1
MRK,AMZN,Energy,Consumer Discretionary,different_sector,0.1
MRK,LLY,Energy,Energy,same_sector,1.0
MRK,MSFT,Energy,Technology,different_sector,0.1
MRK,CMCSA,Energy,Energy,same_sector,1.0
MRK,NFLX,Energy,Consumer Discretionary,different_sector,0.1
MRK,VZ,Energy,Healthcare,different_sector,0.1
MRK,TMO,Energy,Financials,different_sector,0.1
MRK,GOOG,Energy,Technology,different_sector,0.1
MRK,QCOM,Energy,Technology,different_sector,0.1
MRK,MCD,Energy,Consumer Discretionary,different_sector,0.1
MRK,ABBV,Energy,Technology,different_sector,0.1
MRK,UNH,Energy,Technology,different_sector,0.1
MRK,KO,Energy,Consumer Discretionary,different_sector,0.1
MRK,ADBE,Energy,Technology,different_sector,0.1
MRK,XOM,Energy,Consumer Discretionary,different_sector,0.1
MRK,GE,Energy,Technology,different_sector,0.1
COST,WMT,Financials,Healthcare,different_sector,0.1
COST,CRM,Financials,Financials,same_sector,1.0
COST,BAC,Financials,Financials,same_sector,1.0
COST,V,Financials,Financials,same_sector,1.0
COST,IBM,Financials,Healthcare,different_sector,0.1
COST,INTC,Financials,Consumer Discretionary,different_sector,0.1
COST,AVGO,Financials,Technology,different_sector,0.1
COST,MMM,Financials,Consumer Discretionary,different_sector,0.1
COST,CSCO,Financials,Technology,different_sector,0.1
COST,JNJ,Financials,Consumer Discretionary,different_sector,0.1
COST,DIS,Financials,Financials,same_sector,1.0
COST,NVDA,Financials,Energy,different_sector,0.1
COST,GOOGL,Financials,Healthcare,different_sector,0.1
COST,JPM,Financials,Consumer Discretionary,different_sector,0.1
COST,AMZN,Financials,Consumer Discretionary,different_sector,0.1
COST,LLY,Financials,Energy,different_sector,0.1
COST,MSFT,Financials,Technology,different_sector,0.1
COST,CMCSA,Financials,Energy,different_sector,0.1
COST,NFLX,Financials,Consumer Discretionary,different_sector,0.1
COST,VZ,Financials,Healthcare,different_sector,0.1
COST,TMO,Financials,Financials,same_sector,1.0
COST,GOOG,Financials,Technology,different_sector,0.1
COST,QCOM,Financials,Technology,different_sector,0.1
COST,MCD,Financials,Consumer Discretionary,different_sector,0.1
COST,ABBV,Financials,Technology,different_sector,0.1
COST,UNH,Financials,Technology,different_sector,0.1
COST,KO,Financials,Consumer Discretionary,different_sector,0.1
COST,ADBE,Financials,Technology,different_sector,0.1
COST,XOM,Financials,Consumer Discretionary,different_sector,0.1
COST,GE,Financials,Technology,different_sector,0.1
WMT,CRM,Healthcare,Financials,different_sector,0.1
WMT,BAC,Healthcare,Financials,different_sector,0.1
WMT,V,Healthcare,Financials,different_sector,0.1
WMT,IBM,Healthcare,Healthcare,same_sector,1.0
WMT,INTC,Healthcare,Consumer Discretionary,different_sector,0.1
WMT,AVGO,Healthcare,Technology,different_sector,0.1
WMT,MMM,Healthcare,Consumer Discretionary,different_sector,0.1
WMT,CSCO,Healthcare,Technology,different_sector,0.1
WMT,JNJ,Healthcare,Consumer Discretionary,different_sector,0.1
WMT,DIS,Healthcare,Financials,different_sector,0.1
WMT,NVDA,Healthcare,Energy,different_sector,0.1
WMT,GOOGL,Healthcare,Healthcare,same_sector,1.0
WMT,JPM,Healthcare,Consumer Discretionary,different_sector,0.1
WMT,AMZN,Healthcare,Consumer Discretionary,different_sector,0.1
WMT,LLY,Healthcare,Energy,different_sector,0.1
WMT,MSFT,Healthcare,Technology,different_sector,0.1
WMT,CMCSA,Healthcare,Energy,different_sector,0.1
WMT,NFLX,Healthcare,Consumer Discretionary,different_sector,0.1
WMT,VZ,Healthcare,Healthcare,same_sector,1.0
WMT,TMO,Healthcare,Financials,different_sector,0.1
WMT,GOOG,Healthcare,Technology,different_sector,0.1
WMT,QCOM,Healthcare,Technology,different_sector,0.1
WMT,MCD,Healthcare,Consumer Discretionary,different_sector,0.1
WMT,ABBV,Healthcare,Technology,different_sector,0.1
WMT,UNH,Healthcare,Technology,different_sector,0.1
WMT,KO,Healthcare,Consumer Discretionary,different_sector,0.1
WMT,ADBE,Healthcare,Technology,different_sector,0.1
WMT,XOM,Healthcare,Consumer Discretionary,different_sector,0.1
WMT,GE,Healthcare,Technology,different_sector,0.1
CRM,BAC,Financials,Financials,same_sector,1.0
CRM,V,Financials,Financials,same_sector,1.0
CRM,IBM,Financials,Healthcare,different_sector,0.1
CRM,INTC,Financials,Consumer Discretionary,different_sector,0.1
CRM,AVGO,Financials,Technology,different_sector,0.1
CRM,MMM,Financials,Consumer Discretionary,different_sector,0.1
CRM,CSCO,Financials,Technology,different_sector,0.1
CRM,JNJ,Financials,Consumer Discretionary,different_sector,0.1
CRM,DIS,Financials,Financials,same_sector,1.0
CRM,NVDA,Financials,Energy,different_sector,0.1
CRM,GOOGL,Financials,Healthcare,different_sector,0.1
CRM,JPM,Financials,Consumer Discretionary,different_sector,0.1
CRM,AMZN,Financials,Consumer Discretionary,different_sector,0.1
CRM,LLY,Financials,Energy,different_sector,0.1
CRM,MSFT,Financials,Technology,different_sector,0.1
CRM,CMCSA,Financials,Energy,different_sector,0.1
CRM,NFLX,Financials,Consumer Discretionary,different_sector,0.1
CRM,VZ,Financials,Healthcare,different_sector,0.1
CRM,TMO,Financials,Financials,same_sector,1.0
CRM,GOOG,Financials,Technology,different_sector,0.1
CRM,QCOM,Financials,Technology,different_sector,0.1
CRM,MCD,Financials,Consumer Discretionary,different_sector,0.1
CRM,ABBV,Financials,Technology,different_sector,0.1
CRM,UNH,Financials,Technology,different_sector,0.1
CRM,KO,Financials,Consumer Discretionary,different_sector,0.1
CRM,ADBE,Financials,Technology,different_sector,0.1
CRM,XOM,Financials,Consumer Discretionary,different_sector,0.1
CRM,GE,Financials,Technology,different_sector,0.1
BAC,V,Financials,Financials,same_sector,1.0
BAC,IBM,Financials,Healthcare,different_sector,0.1
BAC,INTC,Financials,Consumer Discretionary,different_sector,0.1
BAC,AVGO,Financials,Technology,different_sector,0.1
BAC,MMM,Financials,Consumer Discretionary,different_sector,0.1
BAC,CSCO,Financials,Technology,different_sector,0.1
BAC,JNJ,Financials,Consumer Discretionary,different_sector,0.1
BAC,DIS,Financials,Financials,same_sector,1.0
BAC,NVDA,Financials,Energy,different_sector,0.1
BAC,GOOGL,Financials,Healthcare,different_sector,0.1
BAC,JPM,Financials,Consumer Discretionary,different_sector,0.1
BAC,AMZN,Financials,Consumer Discretionary,different_sector,0.1
BAC,LLY,Financials,Energy,different_sector,0.1
BAC,MSFT,Financials,Technology,different_sector,0.1
BAC,CMCSA,Financials,Energy,different_sector,0.1
BAC,NFLX,Financials,Consumer Discretionary,different_sector,0.1
BAC,VZ,Financials,Healthcare,different_sector,0.1
BAC,TMO,Financials,Financials,same_sector,1.0
BAC,GOOG,Financials,Technology,different_sector,0.1
BAC,QCOM,Financials,Technology,different_sector,0.1
BAC,MCD,Financials,Consumer Discretionary,different_sector,0.1
BAC,ABBV,Financials,Technology,different_sector,0.1
BAC,UNH,Financials,Technology,different_sector,0.1
BAC,KO,Financials,Consumer Discretionary,different_sector,0.1
BAC,ADBE,Financials,Technology,different_sector,0.1
BAC,XOM,Financials,Consumer Discretionary,different_sector,0.1
BAC,GE,Financials,Technology,different_sector,0.1
V,IBM,Financials,Healthcare,different_sector,0.1
V,INTC,Financials,Consumer Discretionary,different_sector,0.1
V,AVGO,Financials,Technology,different_sector,0.1
V,MMM,Financials,Consumer Discretionary,different_sector,0.1
V,CSCO,Financials,Technology,different_sector,0.1
V,JNJ,Financials,Consumer Discretionary,different_sector,0.1
V,DIS,Financials,Financials,same_sector,1.0
V,NVDA,Financials,Energy,different_sector,0.1
V,GOOGL,Financials,Healthcare,different_sector,0.1
V,JPM,Financials,Consumer Discretionary,different_sector,0.1
V,AMZN,Financials,Consumer Discretionary,different_sector,0.1
V,LLY,Financials,Energy,different_sector,0.1
V,MSFT,Financials,Technology,different_sector,0.1
V,CMCSA,Financials,Energy,different_sector,0.1
V,NFLX,Financials,Consumer Discretionary,different_sector,0.1
V,VZ,Financials,Healthcare,different_sector,0.1
V,TMO,Financials,Financials,same_sector,1.0
V,GOOG,Financials,Technology,different_sector,0.1
V,QCOM,Financials,Technology,different_sector,0.1
V,MCD,Financials,Consumer Discretionary,different_sector,0.1
V,ABBV,Financials,Technology,different_sector,0.1
V,UNH,Financials,Technology,different_sector,0.1
V,KO,Financials,Consumer Discretionary,different_sector,0.1
V,ADBE,Financials,Technology,different_sector,0.1
V,XOM,Financials,Consumer Discretionary,different_sector,0.1
V,GE,Financials,Technology,different_sector,0.1
IBM,INTC,Healthcare,Consumer Discretionary,different_sector,0.1
IBM,AVGO,Healthcare,Technology,different_sector,0.1
IBM,MMM,Healthcare,Consumer Discretionary,different_sector,0.1
IBM,CSCO,Healthcare,Technology,different_sector,0.1
IBM,JNJ,Healthcare,Consumer Discretionary,different_sector,0.1
IBM,DIS,Healthcare,Financials,different_sector,0.1
IBM,NVDA,Healthcare,Energy,different_sector,0.1
IBM,GOOGL,Healthcare,Healthcare,same_sector,1.0
IBM,JPM,Healthcare,Consumer Discretionary,different_sector,0.1
IBM,AMZN,Healthcare,Consumer Discretionary,different_sector,0.1
IBM,LLY,Healthcare,Energy,different_sector,0.1
IBM,MSFT,Healthcare,Technology,different_sector,0.1
IBM,CMCSA,Healthcare,Energy,different_sector,0.1
IBM,NFLX,Healthcare,Consumer Discretionary,different_sector,0.1
IBM,VZ,Healthcare,Healthcare,same_sector,1.0
IBM,TMO,Healthcare,Financials,different_sector,0.1
IBM,GOOG,Healthcare,Technology,different_sector,0.1
IBM,QCOM,Healthcare,Technology,different_sector,0.1
IBM,MCD,Healthcare,Consumer Discretionary,different_sector,0.1
IBM,ABBV,Healthcare,Technology,different_sector,0.1
IBM,UNH,Healthcare,Technology,different_sector,0.1
IBM,KO,Healthcare,Consumer Discretionary,different_sector,0.1
IBM,ADBE,Healthcare,Technology,different_sector,0.1
IBM,XOM,Healthcare,Consumer Discretionary,different_sector,0.1
IBM,GE,Healthcare,Technology,different_sector,0.1
INTC,AVGO,Consumer Discretionary,Technology,different_sector,0.1
INTC,MMM,Consumer Discretionary,Consumer Discretionary,same_sector,1.0
INTC,CSCO,Consumer Discretionary,Technology,different_sector,0.1
INTC,JNJ,Consumer Discretionary,Consumer Discretionary,same_sector,1.0
INTC,DIS,Consumer Discretionary,Financials,different_sector,0.1
INTC,NVDA,Consumer Discretionary,Energy,different_sector,0.1
INTC,GOOGL,Consumer Discretionary,Healthcare,different_sector,0.1
INTC,JPM,Consumer Discretionary,Consumer Discretionary,same_sector,1.0
INTC,AMZN,Consumer Discretionary,Consumer Discretionary,same_sector,1.0
INTC,LLY,Consumer Discretionary,Energy,different_sector,0.1
INTC,MSFT,Consumer Discretionary,Technology,different_sector,0.1
INTC,CMCSA,Consumer Discretionary,Energy,different_sector,0.1
INTC,NFLX,Consumer Discretionary,Consumer Discretionary,same_sector,1.0
INTC,VZ,Consumer Discretionary,Healthcare,different_sector,0.1
INTC,TMO,Consumer Discretionary,Financials,different_sector,0.1
INTC,GOOG,Consumer Discretionary,Technology,different_sector,0.1
INTC,QCOM,Consumer Discretionary,Technology,different_sector,0.1
INTC,MCD,Consumer Discretionary,Consumer Discretionary,same_sector,1.0
INTC,ABBV,Consumer Discretionary,Technology,different_sector,0.1
INTC,UNH,Consumer Discretionary,Technology,different_sector,0.1
INTC,KO,Consumer Discretionary,Consumer Discretionary,same_sector,1.0
INTC,ADBE,Consumer Discretionary,Technology,different_sector,0.1
INTC,XOM,Consumer Discretionary,Consumer Discretionary,same_sector,1.0
INTC,GE,Consumer Discretionary,Technology,different_sector,0.1
AVGO,MMM,Technology,Consumer Discretionary,different_sector,0.1
AVGO,CSCO,Technology,Technology,same_sector,1.0
AVGO,JNJ,Technology,Consumer Discretionary,different_sector,0.1
AVGO,DIS,Technology,Financials,different_sector,0.1
AVGO,NVDA,Technology,Energy,different_sector,0.1
AVGO,GOOGL,Technology,Healthcare,different_sector,0.1
AVGO,JPM,Technology,Consumer Discretionary,different_sector,0.1
AVGO,AMZN,Technology,Consumer Discretionary,different_sector,0.1
AVGO,LLY,Technology,Energy,different_sector,0.1
AVGO,MSFT,Technology,Technology,same_sector,1.0
AVGO,CMCSA,Technology,Energy,different_sector,0.1
AVGO,NFLX,Technology,Consumer Discretionary,different_sector,0.1
AVGO,VZ,Technology,Healthcare,different_sector,0.1
AVGO,TMO,Technology,Financials,different_sector,0.1
AVGO,GOOG,Technology,Technology,same_sector,1.0
AVGO,QCOM,Technology,Technology,same_sector,1.0
AVGO,MCD,Technology,Consumer Discretionary,different_sector,0.1
AVGO,ABBV,Technology,Technology,same_sector,1.0
AVGO,UNH,Technology,Technology,same_sector,1.0
AVGO,KO,Technology,Consumer Discretionary,different_sector,0.1
AVGO,ADBE,Technology,Technology,same_sector,1.0
AVGO,XOM,Technology,Consumer Discretionary,different_sector,0.1
AVGO,GE,Technology,Technology,same_sector,1.0
MMM,CSCO,Consumer Discretionary,Technology,different_sector,0.1
MMM,JNJ,Consumer Discretionary,Consumer Discretionary,same_sector,1.0
MMM,DIS,Consumer Discretionary,Financials,different_sector,0.1
MMM,NVDA,Consumer Discretionary,Energy,different_sector,0.1
MMM,GOOGL,Consumer Discretionary,Healthcare,different_sector,0.1
MMM,JPM,Consumer Discretionary,Consumer Discretionary,same_sector,1.0
MMM,AMZN,Consumer Discretionary,Consumer Discretionary,same_sector,1.0
MMM,LLY,Consumer Discretionary,Energy,different_sector,0.1
MMM,MSFT,Consumer Discretionary,Technology,different_sector,0.1
MMM,CMCSA,Consumer Discretionary,Energy,different_sector,0.1
MMM,NFLX,Consumer Discretionary,Consumer Discretionary,same_sector,1.0
MMM,VZ,Consumer Discretionary,Healthcare,different_sector,0.1
MMM,TMO,Consumer Discretionary,Financials,different_sector,0.1
MMM,GOOG,Consumer Discretionary,Technology,different_sector,0.1
MMM,QCOM,Consumer Discretionary,Technology,different_sector,0.1
MMM,MCD,Consumer Discretionary,Consumer Discretionary,same_sector,1.0
MMM,ABBV,Consumer Discretionary,Technology,different_sector,0.1
MMM,UNH,Consumer Discretionary,Technology,different_sector,0.1
MMM,KO,Consumer Discretionary,Consumer Discretionary,same_sector,1.0
MMM,ADBE,Consumer Discretionary,Technology,different_sector,0.1
MMM,XOM,Consumer Discretionary,Consumer Discretionary,same_sector,1.0
MMM,GE,Consumer Discretionary,Technology,different_sector,0.1
CSCO,JNJ,Technology,Consumer Discretionary,different_sector,0.1
CSCO,DIS,Technology,Financials,different_sector,0.1
CSCO,NVDA,Technology,Energy,different_sector,0.1
CSCO,GOOGL,Technology,Healthcare,different_sector,0.1
CSCO,JPM,Technology,Consumer Discretionary,different_sector,0.1
CSCO,AMZN,Technology,Consumer Discretionary,different_sector,0.1
CSCO,LLY,Technology,Energy,different_sector,0.1
CSCO,MSFT,Technology,Technology,same_sector,1.0
CSCO,CMCSA,Technology,Energy,different_sector,0.1
CSCO,NFLX,Technology,Consumer Discretionary,different_sector,0.1
CSCO,VZ,Technology,Healthcare,different_sector,0.1
CSCO,TMO,Technology,Financials,different_sector,0.1
CSCO,GOOG,Technology,Technology,same_sector,1.0
CSCO,QCOM,Technology,Technology,same_sector,1.0
CSCO,MCD,Technology,Consumer Discretionary,different_sector,0.1
CSCO,ABBV,Technology,Technology,same_sector,1.0
CSCO,UNH,Technology,Technology,same_sector,1.0
CSCO,KO,Technology,Consumer Discretionary,different_sector,0.1
CSCO,ADBE,Technology,Technology,same_sector,1.0
CSCO,XOM,Technology,Consumer Discretionary,different_sector,0.1
CSCO,GE,Technology,Technology,same_sector,1.0
JNJ,DIS,Consumer Discretionary,Financials,different_sector,0.1
JNJ,NVDA,Consumer Discretionary,Energy,different_sector,0.1
JNJ,GOOGL,Consumer Discretionary,Healthcare,different_sector,0.1
JNJ,JPM,Consumer Discretionary,Consumer Discretionary,same_sector,1.0
JNJ,AMZN,Consumer Discretionary,Consumer Discretionary,same_sector,1.0
JNJ,LLY,Consumer Discretionary,Energy,different_sector,0.1
JNJ,MSFT,Consumer Discretionary,Technology,different_sector,0.1
JNJ,CMCSA,Consumer Discretionary,Energy,different_sector,0.1
JNJ,NFLX,Consumer Discretionary,Consumer Discretionary,same_sector,1.0
JNJ,VZ,Consumer Discretionary,Healthcare,different_sector,0.1
JNJ,TMO,Consumer Discretionary,Financials,different_sector,0.1
JNJ,GOOG,Consumer Discretionary,Technology,different_sector,0.1
JNJ,QCOM,Consumer Discretionary,Technology,different_sector,0.1
JNJ,MCD,Consumer Discretionary,Consumer Discretionary,same_sector,1.0
JNJ,ABBV,Consumer Discretionary,Technology,different_sector,0.1
JNJ,UNH,Consumer Discretionary,Technology,different_sector,0.1
JNJ,KO,Consumer Discretionary,Consumer Discretionary,same_sector,1.0
JNJ,ADBE,Consumer Discretionary,Technology,different_sector,0.1
JNJ,XOM,Consumer Discretionary,Consumer Discretionary,same_sector,1.0
JNJ,GE,Consumer Discretionary,Technology,different_sector,0.1
DIS,NVDA,Financials,Energy,different_sector,0.1
DIS,GOOGL,Financials,Healthcare,different_sector,0.1
DIS,JPM,Financials,Consumer Discretionary,different_sector,0.1
DIS,AMZN,Financials,Consumer Discretionary,different_sector,0.1
DIS,LLY,Financials,Energy,different_sector,0.1
DIS,MSFT,Financials,Technology,different_sector,0.1
DIS,CMCSA,Financials,Energy,different_sector,0.1
DIS,NFLX,Financials,Consumer Discretionary,different_sector,0.1
DIS,VZ,Financials,Healthcare,different_sector,0.1
DIS,TMO,Financials,Financials,same_sector,1.0
DIS,GOOG,Financials,Technology,different_sector,0.1
DIS,QCOM,Financials,Technology,different_sector,0.1
DIS,MCD,Financials,Consumer Discretionary,different_sector,0.1
DIS,ABBV,Financials,Technology,different_sector,0.1
DIS,UNH,Financials,Technology,different_sector,0.1
DIS,KO,Financials,Consumer Discretionary,different_sector,0.1
DIS,ADBE,Financials,Technology,different_sector,0.1
DIS,XOM,Financials,Consumer Discretionary,different_sector,0.1
DIS,GE,Financials,Technology,different_sector,0.1
NVDA,GOOGL,Energy,Healthcare,different_sector,0.1
NVDA,JPM,Energy,Consumer Discretionary,different_sector,0.1
NVDA,AMZN,Energy,Consumer Discretionary,different_sector,0.1
NVDA,LLY,Energy,Energy,same_sector,1.0
NVDA,MSFT,Energy,Technology,different_sector,0.1
NVDA,CMCSA,Energy,Energy,same_sector,1.0
NVDA,NFLX,Energy,Consumer Discretionary,different_sector,0.1
NVDA,VZ,Energy,Healthcare,different_sector,0.1
NVDA,TMO,Energy,Financials,different_sector,0.1
NVDA,GOOG,Energy,Technology,different_sector,0.1
NVDA,QCOM,Energy,Technology,different_sector,0.1
NVDA,MCD,Energy,Consumer Discretionary,different_sector,0.1
NVDA,ABBV,Energy,Technology,different_sector,0.1
NVDA,UNH,Energy,Technology,different_sector,0.1
NVDA,KO,Energy,Consumer Discretionary,different_sector,0.1
NVDA,ADBE,Energy,Technology,different_sector,0.1
NVDA,XOM,Energy,Consumer Discretionary,different_sector,0.1
NVDA,GE,Energy,Technology,different_sector,0.1
GOOGL,JPM,Healthcare,Consumer Discretionary,different_sector,0.1
GOOGL,AMZN,Healthcare,Consumer Discretionary,different_sector,0.1
GOOGL,LLY,Healthcare,Energy,different_sector,0.1
GOOGL,MSFT,Healthcare,Technology,different_sector,0.1
GOOGL,CMCSA,Healthcare,Energy,different_sector,0.1
GOOGL,NFLX,Healthcare,Consumer Discretionary,different_sector,0.1
GOOGL,VZ,Healthcare,Healthcare,same_sector,1.0
GOOGL,TMO,Healthcare,Financials,different_sector,0.1
GOOGL,GOOG,Healthcare,Technology,different_sector,0.1
GOOGL,QCOM,Healthcare,Technology,different_sector,0.1
GOOGL,MCD,Healthcare,Consumer Discretionary,different_sector,0.1
GOOGL,ABBV,Healthcare,Technology,different_sector,0.1
GOOGL,UNH,Healthcare,Technology,different_sector,0.1
GOOGL,KO,Healthcare,Consumer Discretionary,different_sector,0.1
GOOGL,ADBE,Healthcare,Technology,different_sector,0.1
GOOGL,XOM,Healthcare,Consumer Discretionary,different_sector,0.1
GOOGL,GE,Healthcare,Technology,different_sector,0.1
JPM,AMZN,Consumer Discretionary,Consumer Discretionary,same_sector,1.0
JPM,LLY,Consumer Discretionary,Energy,different_sector,0.1
JPM,MSFT,Consumer Discretionary,Technology,different_sector,0.1
JPM,CMCSA,Consumer Discretionary,Energy,different_sector,0.1
JPM,NFLX,Consumer Discretionary,Consumer Discretionary,same_sector,1.0
JPM,VZ,Consumer Discretionary,Healthcare,different_sector,0.1
JPM,TMO,Consumer Discretionary,Financials,different_sector,0.1
JPM,GOOG,Consumer Discretionary,Technology,different_sector,0.1
JPM,QCOM,Consumer Discretionary,Technology,different_sector,0.1
JPM,MCD,Consumer Discretionary,Consumer Discretionary,same_sector,1.0
JPM,ABBV,Consumer Discretionary,Technology,different_sector,0.1
JPM,UNH,Consumer Discretionary,Technology,different_sector,0.1
JPM,KO,Consumer Discretionary,Consumer Discretionary,same_sector,1.0
JPM,ADBE,Consumer Discretionary,Technology,different_sector,0.1
JPM,XOM,Consumer Discretionary,Consumer Discretionary,same_sector,1.0
JPM,GE,Consumer Discretionary,Technology,different_sector,0.1
AMZN,LLY,Consumer Discretionary,Energy,different_sector,0.1
AMZN,MSFT,Consumer Discretionary,Technology,different_sector,0.1
AMZN,CMCSA,Consumer Discretionary,Energy,different_sector,0.1
AMZN,NFLX,Consumer Discretionary,Consumer Discretionary,same_sector,1.0
AMZN,VZ,Consumer Discretionary,Healthcare,different_sector,0.1
AMZN,TMO,Consumer Discretionary,Financials,different_sector,0.1
AMZN,GOOG,Consumer Discretionary,Technology,different_sector,0.1
AMZN,QCOM,Consumer Discretionary,Technology,different_sector,0.1
AMZN,MCD,Consumer Discretionary,Consumer Discretionary,same_sector,1.0
AMZN,ABBV,Consumer Discretionary,Technology,different_sector,0.1
AMZN,UNH,Consumer Discretionary,Technology,different_sector,0.1
AMZN,KO,Consumer Discretionary,Consumer Discretionary,same_sector,1.0
AMZN,ADBE,Consumer Discretionary,Technology,different_sector,0.1
AMZN,XOM,Consumer Discretionary,Consumer Discretionary,same_sector,1.0
AMZN,GE,Consumer Discretionary,Technology,different_sector,0.1
LLY,MSFT,Energy,Technology,different_sector,0.1
LLY,CMCSA,Energy,Energy,same_sector,1.0
LLY,NFLX,Energy,Consumer Discretionary,different_sector,0.1
LLY,VZ,Energy,Healthcare,different_sector,0.1
LLY,TMO,Energy,Financials,different_sector,0.1
LLY,GOOG,Energy,Technology,different_sector,0.1
LLY,QCOM,Energy,Technology,different_sector,0.1
LLY,MCD,Energy,Consumer Discretionary,different_sector,0.1
LLY,ABBV,Energy,Technology,different_sector,0.1
LLY,UNH,Energy,Technology,different_sector,0.1
LLY,KO,Energy,Consumer Discretionary,different_sector,0.1
LLY,ADBE,Energy,Technology,different_sector,0.1
LLY,XOM,Energy,Consumer Discretionary,different_sector,0.1
LLY,GE,Energy,Technology,different_sector,0.1
MSFT,CMCSA,Technology,Energy,different_sector,0.1
MSFT,NFLX,Technology,Consumer Discretionary,different_sector,0.1
MSFT,VZ,Technology,Healthcare,different_sector,0.1
MSFT,TMO,Technology,Financials,different_sector,0.1
MSFT,GOOG,Technology,Technology,same_sector,1.0
MSFT,QCOM,Technology,Technology,same_sector,1.0
MSFT,MCD,Technology,Consumer Discretionary,different_sector,0.1
MSFT,ABBV,Technology,Technology,same_sector,1.0
MSFT,UNH,Technology,Technology,same_sector,1.0
MSFT,KO,Technology,Consumer Discretionary,different_sector,0.1
MSFT,ADBE,Technology,Technology,same_sector,1.0
MSFT,XOM,Technology,Consumer Discretionary,different_sector,0.1
MSFT,GE,Technology,Technology,same_sector,1.0
CMCSA,NFLX,Energy,Consumer Discretionary,different_sector,0.1
CMCSA,VZ,Energy,Healthcare,different_sector,0.1
CMCSA,TMO,Energy,Financials,different_sector,0.1
CMCSA,GOOG,Energy,Technology,different_sector,0.1
CMCSA,QCOM,Energy,Technology,different_sector,0.1
CMCSA,MCD,Energy,Consumer Discretionary,different_sector,0.1
CMCSA,ABBV,Energy,Technology,different_sector,0.1
CMCSA,UNH,Energy,Technology,different_sector,0.1
CMCSA,KO,Energy,Consumer Discretionary,different_sector,0.1
CMCSA,ADBE,Energy,Technology,different_sector,0.1
CMCSA,XOM,Energy,Consumer Discretionary,different_sector,0.1
CMCSA,GE,Energy,Technology,different_sector,0.1
NFLX,VZ,Consumer Discretionary,Healthcare,different_sector,0.1
NFLX,TMO,Consumer Discretionary,Financials,different_sector,0.1
NFLX,GOOG,Consumer Discretionary,Technology,different_sector,0.1
NFLX,QCOM,Consumer Discretionary,Technology,different_sector,0.1
NFLX,MCD,Consumer Discretionary,Consumer Discretionary,same_sector,1.0
NFLX,ABBV,Consumer Discretionary,Technology,different_sector,0.1
NFLX,UNH,Consumer Discretionary,Technology,different_sector,0.1
NFLX,KO,Consumer Discretionary,Consumer Discretionary,same_sector,1.0
NFLX,ADBE,Consumer Discretionary,Technology,different_sector,0.1
NFLX,XOM,Consumer Discretionary,Consumer Discretionary,same_sector,1.0
NFLX,GE,Consumer Discretionary,Technology,different_sector,0.1
VZ,TMO,Healthcare,Financials,different_sector,0.1
VZ,GOOG,Healthcare,Technology,different_sector,0.1
VZ,QCOM,Healthcare,Technology,different_sector,0.1
VZ,MCD,Healthcare,Consumer Discretionary,different_sector,0.1
VZ,ABBV,Healthcare,Technology,different_sector,0.1
VZ,UNH,Healthcare,Technology,different_sector,0.1
VZ,KO,Healthcare,Consumer Discretionary,different_sector,0.1
VZ,ADBE,Healthcare,Technology,different_sector,0.1
VZ,XOM,Healthcare,Consumer Discretionary,different_sector,0.1
VZ,GE,Healthcare,Technology,different_sector,0.1
TMO,GOOG,Financials,Technology,different_sector,0.1
TMO,QCOM,Financials,Technology,different_sector,0.1
TMO,MCD,Financials,Consumer Discretionary,different_sector,0.1
TMO,ABBV,Financials,Technology,different_sector,0.1
TMO,UNH,Financials,Technology,different_sector,0.1
TMO,KO,Financials,Consumer Discretionary,different_sector,0.1
TMO,ADBE,Financials,Technology,different_sector,0.1
TMO,XOM,Financials,Consumer Discretionary,different_sector,0.1
TMO,GE,Financials,Technology,different_sector,0.1
GOOG,QCOM,Technology,Technology,same_sector,1.0
GOOG,MCD,Technology,Consumer Discretionary,different_sector,0.1
GOOG,ABBV,Technology,Technology,same_sector,1.0
GOOG,UNH,Technology,Technology,same_sector,1.0
GOOG,KO,Technology,Consumer Discretionary,different_sector,0.1
GOOG,ADBE,Technology,Technology,same_sector,1.0
GOOG,XOM,Technology,Consumer Discretionary,different_sector,0.1
GOOG,GE,Technology,Technology,same_sector,1.0
QCOM,MCD,Technology,Consumer Discretionary,different_sector,0.1
QCOM,ABBV,Technology,Technology,same_sector,1.0
QCOM,UNH,Technology,Technology,same_sector,1.0
QCOM,KO,Technology,Consumer Discretionary,different_sector,0.1
QCOM,ADBE,Technology,Technology,same_sector,1.0
QCOM,XOM,Technology,Consumer Discretionary,different_sector,0.1
QCOM,GE,Technology,Technology,same_sector,1.0
MCD,ABBV,Consumer Discretionary,Technology,different_sector,0.1
MCD,UNH,Consumer Discretionary,Technology,different_sector,0.1
MCD,KO,Consumer Discretionary,Consumer Discretionary,same_sector,1.0
MCD,ADBE,Consumer Discretionary,Technology,different_sector,0.1
MCD,XOM,Consumer Discretionary,Consumer Discretionary,same_sector,1.0
MCD,GE,Consumer Discretionary,Technology,different_sector,0.1
ABBV,UNH,Technology,Technology,same_sector,1.0
ABBV,KO,Technology,Consumer Discretionary,different_sector,0.1
ABBV,ADBE,Technology,Technology,same_sector,1.0
ABBV,XOM,Technology,Consumer Discretionary,different_sector,0.1
ABBV,GE,Technology,Technology,same_sector,1.0
UNH,KO,Technology,Consumer Discretionary,different_sector,0.1
UNH,ADBE,Technology,Technology,same_sector,1.0
UNH,XOM,Technology,Consumer Discretionary,different_sector,0.1
UNH,GE,Technology,Technology,same_sector,1.0
KO,ADBE,Consumer Discretionary,Technology,different_sector,0.1
KO,XOM,Consumer Discretionary,Consumer Discretionary,same_sector,1.0
KO,GE,Consumer Discretionary,Technology,different_sector,0.1
ADBE,XOM,Technology,Consumer Discretionary,different_sector,0.1
ADBE,GE,Technology,Technology,same_sector,1.0
XOM,GE,Consumer Discretionary,Technology,different_sector,0.1
