ticker1,ticker2,static_weight,connection_types,sector1,sector2,industry1,industry2
AAPL,ADBE,0.8,same_sector,Technology,Technology,Consumer Electronics,Software
AAPL,AMZN,0.2,same_cap_tier,Technology,Consumer Discretionary,Consumer Electronics,E-commerce
AAPL,CSCO,0.8,same_sector,Technology,Technology,Consumer Electronics,Networking
AAPL,GOOG,1.0,"same_sector,same_cap_tier",Technology,Technology,Consumer Electronics,Internet Services
AAPL,GOOGL,1.0,"same_sector,same_cap_tier",Technology,Technology,Consumer Electronics,Internet Services
AAPL,INTC,0.8,same_sector,Technology,Technology,Consumer Electronics,Semiconductors
AAPL,JNJ,0.2,same_cap_tier,Technology,Healthcare,Consumer Electronics,Pharmaceuticals
AAPL,JPM,0.2,same_cap_tier,Technology,Financial Services,Consumer Electronics,Banking
AAPL,META,1.0,"same_sector,same_cap_tier",Technology,Technology,Consumer Electronics,Social Media
AAPL,MSFT,1.0,"same_sector,same_cap_tier",Technology,Technology,Consumer Electronics,Software
AAPL,NVDA,1.0,"same_sector,same_cap_tier",Technology,Technology,Consumer Electronics,Semiconductors
AAPL,ORCL,0.8,same_sector,Technology,Technology,Consumer Electronics,Software
AAPL,V,0.2,same_cap_tier,Technology,Financial Services,Consumer Electronics,Payment Processing
AAPL,WMT,0.2,same_cap_tier,Technology,Consumer Staples,Consumer Electronics,Retail
ABBV,ACN,0.2,same_cap_tier,Healthcare,Other,Pharmaceuticals,Other
ABBV,ADBE,0.2,same_cap_tier,Healthcare,Technology,Pharmaceuticals,Software
ABBV,AVGO,0.2,same_cap_tier,Healthcare,Other,Pharmaceuticals,Other
ABBV,AXP,0.2,same_cap_tier,Healthcare,Other,Pharmaceuticals,Other
ABBV,BAC,0.2,same_cap_tier,Healthcare,Financial Services,Pharmaceuticals,Banking
ABBV,BRK-B,0.2,same_cap_tier,Healthcare,Other,Pharmaceuticals,Other
ABBV,CAT,0.2,same_cap_tier,Healthcare,Other,Pharmaceuticals,Other
ABBV,CMCSA,0.2,same_cap_tier,Healthcare,Other,Pharmaceuticals,Other
ABBV,COST,0.2,same_cap_tier,Healthcare,Other,Pharmaceuticals,Other
ABBV,CRM,0.2,same_cap_tier,Healthcare,Other,Pharmaceuticals,Other
ABBV,CSCO,0.2,same_cap_tier,Healthcare,Technology,Pharmaceuticals,Networking
ABBV,CVX,0.2,same_cap_tier,Healthcare,Energy,Pharmaceuticals,Oil & Gas
ABBV,DIS,0.2,same_cap_tier,Healthcare,Other,Pharmaceuticals,Other
ABBV,FDX,0.2,same_cap_tier,Healthcare,Other,Pharmaceuticals,Other
ABBV,GE,0.2,same_cap_tier,Healthcare,Other,Pharmaceuticals,Other
ABBV,HD,0.2,same_cap_tier,Healthcare,Consumer Discretionary,Pharmaceuticals,Home Improvement
ABBV,IBM,0.2,same_cap_tier,Healthcare,Other,Pharmaceuticals,Other
ABBV,INTC,0.2,same_cap_tier,Healthcare,Technology,Pharmaceuticals,Semiconductors
ABBV,JNJ,1.0,"same_sector,same_industry",Healthcare,Healthcare,Pharmaceuticals,Pharmaceuticals
ABBV,KO,0.2,same_cap_tier,Healthcare,Consumer Staples,Pharmaceuticals,Beverages
ABBV,LLY,0.2,same_cap_tier,Healthcare,Other,Pharmaceuticals,Other
ABBV,MA,0.2,same_cap_tier,Healthcare,Other,Pharmaceuticals,Other
ABBV,MCD,0.2,same_cap_tier,Healthcare,Other,Pharmaceuticals,Other
ABBV,MMM,0.2,same_cap_tier,Healthcare,Other,Pharmaceuticals,Other
ABBV,MRK,0.2,same_cap_tier,Healthcare,Other,Pharmaceuticals,Other
ABBV,NFLX,0.2,same_cap_tier,Healthcare,Communication Services,Pharmaceuticals,Streaming
ABBV,NKE,0.2,same_cap_tier,Healthcare,Other,Pharmaceuticals,Other
ABBV,ORCL,0.2,same_cap_tier,Healthcare,Technology,Pharmaceuticals,Software
ABBV,PEP,0.2,same_cap_tier,Healthcare,Consumer Staples,Pharmaceuticals,Beverages
ABBV,PFE,1.0,"same_sector,same_industry,same_cap_tier",Healthcare,Healthcare,Pharmaceuticals,Pharmaceuticals
ABBV,PG,0.2,same_cap_tier,Healthcare,Consumer Staples,Pharmaceuticals,Consumer Goods
ABBV,QCOM,0.2,same_cap_tier,Healthcare,Other,Pharmaceuticals,Other
ABBV,SBUX,0.2,same_cap_tier,Healthcare,Other,Pharmaceuticals,Other
ABBV,TMO,0.2,same_cap_tier,Healthcare,Other,Pharmaceuticals,Other
ABBV,TSLA,0.2,same_cap_tier,Healthcare,Consumer Discretionary,Pharmaceuticals,Electric Vehicles
ABBV,TXN,0.2,same_cap_tier,Healthcare,Other,Pharmaceuticals,Other
ABBV,UNH,0.2,same_cap_tier,Healthcare,Other,Pharmaceuticals,Other
ABBV,VZ,0.2,same_cap_tier,Healthcare,Other,Pharmaceuticals,Other
ABBV,XOM,0.2,same_cap_tier,Healthcare,Energy,Pharmaceuticals,Oil & Gas
ACN,ADBE,0.2,same_cap_tier,Other,Technology,Other,Software
ACN,AVGO,0.2,same_cap_tier,Other,Other,Other,Other
ACN,AXP,0.2,same_cap_tier,Other,Other,Other,Other
ACN,BAC,0.2,same_cap_tier,Other,Financial Services,Other,Banking
ACN,BRK-B,0.2,same_cap_tier,Other,Other,Other,Other
ACN,CAT,0.2,same_cap_tier,Other,Other,Other,Other
ACN,CMCSA,0.2,same_cap_tier,Other,Other,Other,Other
ACN,COST,0.2,same_cap_tier,Other,Other,Other,Other
ACN,CRM,0.2,same_cap_tier,Other,Other,Other,Other
ACN,CSCO,0.2,same_cap_tier,Other,Technology,Other,Networking
ACN,CVX,0.2,same_cap_tier,Other,Energy,Other,Oil & Gas
ACN,DIS,0.2,same_cap_tier,Other,Other,Other,Other
ACN,FDX,0.2,same_cap_tier,Other,Other,Other,Other
ACN,GE,0.2,same_cap_tier,Other,Other,Other,Other
ACN,HD,0.2,same_cap_tier,Other,Consumer Discretionary,Other,Home Improvement
ACN,IBM,0.2,same_cap_tier,Other,Other,Other,Other
ACN,INTC,0.2,same_cap_tier,Other,Technology,Other,Semiconductors
ACN,KO,0.2,same_cap_tier,Other,Consumer Staples,Other,Beverages
ACN,LLY,0.2,same_cap_tier,Other,Other,Other,Other
ACN,MA,0.2,same_cap_tier,Other,Other,Other,Other
ACN,MCD,0.2,same_cap_tier,Other,Other,Other,Other
ACN,MMM,0.2,same_cap_tier,Other,Other,Other,Other
ACN,MRK,0.2,same_cap_tier,Other,Other,Other,Other
ACN,NFLX,0.2,same_cap_tier,Other,Communication Services,Other,Streaming
ACN,NKE,0.2,same_cap_tier,Other,Other,Other,Other
ACN,ORCL,0.2,same_cap_tier,Other,Technology,Other,Software
ACN,PEP,0.2,same_cap_tier,Other,Consumer Staples,Other,Beverages
ACN,PFE,0.2,same_cap_tier,Other,Healthcare,Other,Pharmaceuticals
ACN,PG,0.2,same_cap_tier,Other,Consumer Staples,Other,Consumer Goods
ACN,QCOM,0.2,same_cap_tier,Other,Other,Other,Other
ACN,SBUX,0.2,same_cap_tier,Other,Other,Other,Other
ACN,TMO,0.2,same_cap_tier,Other,Other,Other,Other
ACN,TSLA,0.2,same_cap_tier,Other,Consumer Discretionary,Other,Electric Vehicles
ACN,TXN,0.2,same_cap_tier,Other,Other,Other,Other
ACN,UNH,0.2,same_cap_tier,Other,Other,Other,Other
ACN,VZ,0.2,same_cap_tier,Other,Other,Other,Other
ACN,XOM,0.2,same_cap_tier,Other,Energy,Other,Oil & Gas
ADBE,AVGO,0.2,same_cap_tier,Technology,Other,Software,Other
ADBE,AXP,0.2,same_cap_tier,Technology,Other,Software,Other
ADBE,BAC,0.2,same_cap_tier,Technology,Financial Services,Software,Banking
ADBE,BRK-B,0.2,same_cap_tier,Technology,Other,Software,Other
ADBE,CAT,0.2,same_cap_tier,Technology,Other,Software,Other
ADBE,CMCSA,0.2,same_cap_tier,Technology,Other,Software,Other
ADBE,COST,0.2,same_cap_tier,Technology,Other,Software,Other
ADBE,CRM,0.2,same_cap_tier,Technology,Other,Software,Other
ADBE,CSCO,1.0,"same_sector,same_cap_tier",Technology,Technology,Software,Networking
ADBE,CVX,0.2,same_cap_tier,Technology,Energy,Software,Oil & Gas
ADBE,DIS,0.2,same_cap_tier,Technology,Other,Software,Other
ADBE,FDX,0.2,same_cap_tier,Technology,Other,Software,Other
ADBE,GE,0.2,same_cap_tier,Technology,Other,Software,Other
ADBE,GOOG,0.8,same_sector,Technology,Technology,Software,Internet Services
ADBE,GOOGL,0.8,same_sector,Technology,Technology,Software,Internet Services
ADBE,HD,0.2,same_cap_tier,Technology,Consumer Discretionary,Software,Home Improvement
ADBE,IBM,0.2,same_cap_tier,Technology,Other,Software,Other
ADBE,INTC,1.0,"same_sector,same_cap_tier",Technology,Technology,Software,Semiconductors
ADBE,KO,0.2,same_cap_tier,Technology,Consumer Staples,Software,Beverages
ADBE,LLY,0.2,same_cap_tier,Technology,Other,Software,Other
ADBE,MA,0.2,same_cap_tier,Technology,Other,Software,Other
ADBE,MCD,0.2,same_cap_tier,Technology,Other,Software,Other
ADBE,META,0.8,same_sector,Technology,Technology,Software,Social Media
ADBE,MMM,0.2,same_cap_tier,Technology,Other,Software,Other
ADBE,MRK,0.2,same_cap_tier,Technology,Other,Software,Other
ADBE,MSFT,1.0,"same_sector,same_industry",Technology,Technology,Software,Software
ADBE,NFLX,0.2,same_cap_tier,Technology,Communication Services,Software,Streaming
ADBE,NKE,0.2,same_cap_tier,Technology,Other,Software,Other
ADBE,NVDA,0.8,same_sector,Technology,Technology,Software,Semiconductors
ADBE,ORCL,1.0,"same_sector,same_industry,same_cap_tier",Technology,Technology,Software,Software
ADBE,PEP,0.2,same_cap_tier,Technology,Consumer Staples,Software,Beverages
ADBE,PFE,0.2,same_cap_tier,Technology,Healthcare,Software,Pharmaceuticals
ADBE,PG,0.2,same_cap_tier,Technology,Consumer Staples,Software,Consumer Goods
ADBE,QCOM,0.2,same_cap_tier,Technology,Other,Software,Other
ADBE,SBUX,0.2,same_cap_tier,Technology,Other,Software,Other
ADBE,TMO,0.2,same_cap_tier,Technology,Other,Software,Other
ADBE,TSLA,0.2,same_cap_tier,Technology,Consumer Discretionary,Software,Electric Vehicles
ADBE,TXN,0.2,same_cap_tier,Technology,Other,Software,Other
ADBE,UNH,0.2,same_cap_tier,Technology,Other,Software,Other
ADBE,VZ,0.2,same_cap_tier,Technology,Other,Software,Other
ADBE,XOM,0.2,same_cap_tier,Technology,Energy,Software,Oil & Gas
AMZN,GOOG,0.2,same_cap_tier,Consumer Discretionary,Technology,E-commerce,Internet Services
AMZN,GOOGL,0.2,same_cap_tier,Consumer Discretionary,Technology,E-commerce,Internet Services
AMZN,HD,0.8,same_sector,Consumer Discretionary,Consumer Discretionary,E-commerce,Home Improvement
AMZN,JNJ,0.2,same_cap_tier,Consumer Discretionary,Healthcare,E-commerce,Pharmaceuticals
AMZN,JPM,0.2,same_cap_tier,Consumer Discretionary,Financial Services,E-commerce,Banking
AMZN,META,0.2,same_cap_tier,Consumer Discretionary,Technology,E-commerce,Social Media
AMZN,MSFT,0.2,same_cap_tier,Consumer Discretionary,Technology,E-commerce,Software
AMZN,NVDA,0.2,same_cap_tier,Consumer Discretionary,Technology,E-commerce,Semiconductors
AMZN,TSLA,0.8,same_sector,Consumer Discretionary,Consumer Discretionary,E-commerce,Electric Vehicles
AMZN,V,0.2,same_cap_tier,Consumer Discretionary,Financial Services,E-commerce,Payment Processing
AMZN,WMT,0.2,same_cap_tier,Consumer Discretionary,Consumer Staples,E-commerce,Retail
AVGO,AXP,0.2,same_cap_tier,Other,Other,Other,Other
AVGO,BAC,0.2,same_cap_tier,Other,Financial Services,Other,Banking
AVGO,BRK-B,0.2,same_cap_tier,Other,Other,Other,Other
AVGO,CAT,0.2,same_cap_tier,Other,Other,Other,Other
AVGO,CMCSA,0.2,same_cap_tier,Other,Other,Other,Other
AVGO,COST,0.2,same_cap_tier,Other,Other,Other,Other
AVGO,CRM,0.2,same_cap_tier,Other,Other,Other,Other
AVGO,CSCO,0.2,same_cap_tier,Other,Technology,Other,Networking
AVGO,CVX,0.2,same_cap_tier,Other,Energy,Other,Oil & Gas
AVGO,DIS,0.2,same_cap_tier,Other,Other,Other,Other
AVGO,FDX,0.2,same_cap_tier,Other,Other,Other,Other
AVGO,GE,0.2,same_cap_tier,Other,Other,Other,Other
AVGO,HD,0.2,same_cap_tier,Other,Consumer Discretionary,Other,Home Improvement
AVGO,IBM,0.2,same_cap_tier,Other,Other,Other,Other
AVGO,INTC,0.2,same_cap_tier,Other,Technology,Other,Semiconductors
AVGO,KO,0.2,same_cap_tier,Other,Consumer Staples,Other,Beverages
AVGO,LLY,0.2,same_cap_tier,Other,Other,Other,Other
AVGO,MA,0.2,same_cap_tier,Other,Other,Other,Other
AVGO,MCD,0.2,same_cap_tier,Other,Other,Other,Other
AVGO,MMM,0.2,same_cap_tier,Other,Other,Other,Other
AVGO,MRK,0.2,same_cap_tier,Other,Other,Other,Other
AVGO,NFLX,0.2,same_cap_tier,Other,Communication Services,Other,Streaming
AVGO,NKE,0.2,same_cap_tier,Other,Other,Other,Other
AVGO,ORCL,0.2,same_cap_tier,Other,Technology,Other,Software
AVGO,PEP,0.2,same_cap_tier,Other,Consumer Staples,Other,Beverages
AVGO,PFE,0.2,same_cap_tier,Other,Healthcare,Other,Pharmaceuticals
AVGO,PG,0.2,same_cap_tier,Other,Consumer Staples,Other,Consumer Goods
AVGO,QCOM,0.2,same_cap_tier,Other,Other,Other,Other
AVGO,SBUX,0.2,same_cap_tier,Other,Other,Other,Other
AVGO,TMO,0.2,same_cap_tier,Other,Other,Other,Other
AVGO,TSLA,0.2,same_cap_tier,Other,Consumer Discretionary,Other,Electric Vehicles
AVGO,TXN,0.2,same_cap_tier,Other,Other,Other,Other
AVGO,UNH,0.2,same_cap_tier,Other,Other,Other,Other
AVGO,VZ,0.2,same_cap_tier,Other,Other,Other,Other
AVGO,XOM,0.2,same_cap_tier,Other,Energy,Other,Oil & Gas
AXP,BAC,0.2,same_cap_tier,Other,Financial Services,Other,Banking
AXP,BRK-B,0.2,same_cap_tier,Other,Other,Other,Other
AXP,CAT,0.2,same_cap_tier,Other,Other,Other,Other
AXP,CMCSA,0.2,same_cap_tier,Other,Other,Other,Other
AXP,COST,0.2,same_cap_tier,Other,Other,Other,Other
AXP,CRM,0.2,same_cap_tier,Other,Other,Other,Other
AXP,CSCO,0.2,same_cap_tier,Other,Technology,Other,Networking
AXP,CVX,0.2,same_cap_tier,Other,Energy,Other,Oil & Gas
AXP,DIS,0.2,same_cap_tier,Other,Other,Other,Other
AXP,FDX,0.2,same_cap_tier,Other,Other,Other,Other
AXP,GE,0.2,same_cap_tier,Other,Other,Other,Other
AXP,HD,0.2,same_cap_tier,Other,Consumer Discretionary,Other,Home Improvement
AXP,IBM,0.2,same_cap_tier,Other,Other,Other,Other
AXP,INTC,0.2,same_cap_tier,Other,Technology,Other,Semiconductors
AXP,KO,0.2,same_cap_tier,Other,Consumer Staples,Other,Beverages
AXP,LLY,0.2,same_cap_tier,Other,Other,Other,Other
AXP,MA,0.2,same_cap_tier,Other,Other,Other,Other
AXP,MCD,0.2,same_cap_tier,Other,Other,Other,Other
AXP,MMM,0.2,same_cap_tier,Other,Other,Other,Other
AXP,MRK,0.2,same_cap_tier,Other,Other,Other,Other
AXP,NFLX,0.2,same_cap_tier,Other,Communication Services,Other,Streaming
AXP,NKE,0.2,same_cap_tier,Other,Other,Other,Other
AXP,ORCL,0.2,same_cap_tier,Other,Technology,Other,Software
AXP,PEP,0.2,same_cap_tier,Other,Consumer Staples,Other,Beverages
AXP,PFE,0.2,same_cap_tier,Other,Healthcare,Other,Pharmaceuticals
AXP,PG,0.2,same_cap_tier,Other,Consumer Staples,Other,Consumer Goods
AXP,QCOM,0.2,same_cap_tier,Other,Other,Other,Other
AXP,SBUX,0.2,same_cap_tier,Other,Other,Other,Other
AXP,TMO,0.2,same_cap_tier,Other,Other,Other,Other
AXP,TSLA,0.2,same_cap_tier,Other,Consumer Discretionary,Other,Electric Vehicles
AXP,TXN,0.2,same_cap_tier,Other,Other,Other,Other
AXP,UNH,0.2,same_cap_tier,Other,Other,Other,Other
AXP,VZ,0.2,same_cap_tier,Other,Other,Other,Other
AXP,XOM,0.2,same_cap_tier,Other,Energy,Other,Oil & Gas
BAC,BRK-B,0.2,same_cap_tier,Financial Services,Other,Banking,Other
BAC,CAT,0.2,same_cap_tier,Financial Services,Other,Banking,Other
BAC,CMCSA,0.2,same_cap_tier,Financial Services,Other,Banking,Other
BAC,COST,0.2,same_cap_tier,Financial Services,Other,Banking,Other
BAC,CRM,0.2,same_cap_tier,Financial Services,Other,Banking,Other
BAC,CSCO,0.2,same_cap_tier,Financial Services,Technology,Banking,Networking
BAC,CVX,0.2,same_cap_tier,Financial Services,Energy,Banking,Oil & Gas
BAC,DIS,0.2,same_cap_tier,Financial Services,Other,Banking,Other
BAC,FDX,0.2,same_cap_tier,Financial Services,Other,Banking,Other
BAC,GE,0.2,same_cap_tier,Financial Services,Other,Banking,Other
BAC,HD,0.2,same_cap_tier,Financial Services,Consumer Discretionary,Banking,Home Improvement
BAC,IBM,0.2,same_cap_tier,Financial Services,Other,Banking,Other
BAC,INTC,0.2,same_cap_tier,Financial Services,Technology,Banking,Semiconductors
BAC,JPM,1.0,"same_sector,same_industry",Financial Services,Financial Services,Banking,Banking
BAC,KO,0.2,same_cap_tier,Financial Services,Consumer Staples,Banking,Beverages
BAC,LLY,0.2,same_cap_tier,Financial Services,Other,Banking,Other
BAC,MA,0.2,same_cap_tier,Financial Services,Other,Banking,Other
BAC,MCD,0.2,same_cap_tier,Financial Services,Other,Banking,Other
BAC,MMM,0.2,same_cap_tier,Financial Services,Other,Banking,Other
BAC,MRK,0.2,same_cap_tier,Financial Services,Other,Banking,Other
BAC,NFLX,0.2,same_cap_tier,Financial Services,Communication Services,Banking,Streaming
BAC,NKE,0.2,same_cap_tier,Financial Services,Other,Banking,Other
BAC,ORCL,0.2,same_cap_tier,Financial Services,Technology,Banking,Software
BAC,PEP,0.2,same_cap_tier,Financial Services,Consumer Staples,Banking,Beverages
BAC,PFE,0.2,same_cap_tier,Financial Services,Healthcare,Banking,Pharmaceuticals
BAC,PG,0.2,same_cap_tier,Financial Services,Consumer Staples,Banking,Consumer Goods
BAC,QCOM,0.2,same_cap_tier,Financial Services,Other,Banking,Other
BAC,SBUX,0.2,same_cap_tier,Financial Services,Other,Banking,Other
BAC,TMO,0.2,same_cap_tier,Financial Services,Other,Banking,Other
BAC,TSLA,0.2,same_cap_tier,Financial Services,Consumer Discretionary,Banking,Electric Vehicles
BAC,TXN,0.2,same_cap_tier,Financial Services,Other,Banking,Other
BAC,UNH,0.2,same_cap_tier,Financial Services,Other,Banking,Other
BAC,V,0.8,same_sector,Financial Services,Financial Services,Banking,Payment Processing
BAC,VZ,0.2,same_cap_tier,Financial Services,Other,Banking,Other
BAC,XOM,0.2,same_cap_tier,Financial Services,Energy,Banking,Oil & Gas
BRK-B,CAT,0.2,same_cap_tier,Other,Other,Other,Other
BRK-B,CMCSA,0.2,same_cap_tier,Other,Other,Other,Other
BRK-B,COST,0.2,same_cap_tier,Other,Other,Other,Other
BRK-B,CRM,0.2,same_cap_tier,Other,Other,Other,Other
BRK-B,CSCO,0.2,same_cap_tier,Other,Technology,Other,Networking
BRK-B,CVX,0.2,same_cap_tier,Other,Energy,Other,Oil & Gas
BRK-B,DIS,0.2,same_cap_tier,Other,Other,Other,Other
BRK-B,FDX,0.2,same_cap_tier,Other,Other,Other,Other
BRK-B,GE,0.2,same_cap_tier,Other,Other,Other,Other
BRK-B,HD,0.2,same_cap_tier,Other,Consumer Discretionary,Other,Home Improvement
BRK-B,IBM,0.2,same_cap_tier,Other,Other,Other,Other
BRK-B,INTC,0.2,same_cap_tier,Other,Technology,Other,Semiconductors
BRK-B,KO,0.2,same_cap_tier,Other,Consumer Staples,Other,Beverages
BRK-B,LLY,0.2,same_cap_tier,Other,Other,Other,Other
BRK-B,MA,0.2,same_cap_tier,Other,Other,Other,Other
BRK-B,MCD,0.2,same_cap_tier,Other,Other,Other,Other
BRK-B,MMM,0.2,same_cap_tier,Other,Other,Other,Other
BRK-B,MRK,0.2,same_cap_tier,Other,Other,Other,Other
BRK-B,NFLX,0.2,same_cap_tier,Other,Communication Services,Other,Streaming
BRK-B,NKE,0.2,same_cap_tier,Other,Other,Other,Other
BRK-B,ORCL,0.2,same_cap_tier,Other,Technology,Other,Software
BRK-B,PEP,0.2,same_cap_tier,Other,Consumer Staples,Other,Beverages
BRK-B,PFE,0.2,same_cap_tier,Other,Healthcare,Other,Pharmaceuticals
BRK-B,PG,0.2,same_cap_tier,Other,Consumer Staples,Other,Consumer Goods
BRK-B,QCOM,0.2,same_cap_tier,Other,Other,Other,Other
BRK-B,SBUX,0.2,same_cap_tier,Other,Other,Other,Other
BRK-B,TMO,0.2,same_cap_tier,Other,Other,Other,Other
BRK-B,TSLA,0.2,same_cap_tier,Other,Consumer Discretionary,Other,Electric Vehicles
BRK-B,TXN,0.2,same_cap_tier,Other,Other,Other,Other
BRK-B,UNH,0.2,same_cap_tier,Other,Other,Other,Other
BRK-B,VZ,0.2,same_cap_tier,Other,Other,Other,Other
BRK-B,XOM,0.2,same_cap_tier,Other,Energy,Other,Oil & Gas
CAT,CMCSA,0.2,same_cap_tier,Other,Other,Other,Other
CAT,COST,0.2,same_cap_tier,Other,Other,Other,Other
CAT,CRM,0.2,same_cap_tier,Other,Other,Other,Other
CAT,CSCO,0.2,same_cap_tier,Other,Technology,Other,Networking
CAT,CVX,0.2,same_cap_tier,Other,Energy,Other,Oil & Gas
CAT,DIS,0.2,same_cap_tier,Other,Other,Other,Other
CAT,FDX,0.2,same_cap_tier,Other,Other,Other,Other
CAT,GE,0.2,same_cap_tier,Other,Other,Other,Other
CAT,HD,0.2,same_cap_tier,Other,Consumer Discretionary,Other,Home Improvement
CAT,IBM,0.2,same_cap_tier,Other,Other,Other,Other
CAT,INTC,0.2,same_cap_tier,Other,Technology,Other,Semiconductors
CAT,KO,0.2,same_cap_tier,Other,Consumer Staples,Other,Beverages
CAT,LLY,0.2,same_cap_tier,Other,Other,Other,Other
CAT,MA,0.2,same_cap_tier,Other,Other,Other,Other
CAT,MCD,0.2,same_cap_tier,Other,Other,Other,Other
CAT,MMM,0.2,same_cap_tier,Other,Other,Other,Other
CAT,MRK,0.2,same_cap_tier,Other,Other,Other,Other
CAT,NFLX,0.2,same_cap_tier,Other,Communication Services,Other,Streaming
CAT,NKE,0.2,same_cap_tier,Other,Other,Other,Other
CAT,ORCL,0.2,same_cap_tier,Other,Technology,Other,Software
CAT,PEP,0.2,same_cap_tier,Other,Consumer Staples,Other,Beverages
CAT,PFE,0.2,same_cap_tier,Other,Healthcare,Other,Pharmaceuticals
CAT,PG,0.2,same_cap_tier,Other,Consumer Staples,Other,Consumer Goods
CAT,QCOM,0.2,same_cap_tier,Other,Other,Other,Other
CAT,SBUX,0.2,same_cap_tier,Other,Other,Other,Other
CAT,TMO,0.2,same_cap_tier,Other,Other,Other,Other
CAT,TSLA,0.2,same_cap_tier,Other,Consumer Discretionary,Other,Electric Vehicles
CAT,TXN,0.2,same_cap_tier,Other,Other,Other,Other
CAT,UNH,0.2,same_cap_tier,Other,Other,Other,Other
CAT,VZ,0.2,same_cap_tier,Other,Other,Other,Other
CAT,XOM,0.2,same_cap_tier,Other,Energy,Other,Oil & Gas
CMCSA,COST,0.2,same_cap_tier,Other,Other,Other,Other
CMCSA,CRM,0.2,same_cap_tier,Other,Other,Other,Other
CMCSA,CSCO,0.2,same_cap_tier,Other,Technology,Other,Networking
CMCSA,CVX,0.2,same_cap_tier,Other,Energy,Other,Oil & Gas
CMCSA,DIS,0.2,same_cap_tier,Other,Other,Other,Other
CMCSA,FDX,0.2,same_cap_tier,Other,Other,Other,Other
CMCSA,GE,0.2,same_cap_tier,Other,Other,Other,Other
CMCSA,HD,0.2,same_cap_tier,Other,Consumer Discretionary,Other,Home Improvement
CMCSA,IBM,0.2,same_cap_tier,Other,Other,Other,Other
CMCSA,INTC,0.2,same_cap_tier,Other,Technology,Other,Semiconductors
CMCSA,KO,0.2,same_cap_tier,Other,Consumer Staples,Other,Beverages
CMCSA,LLY,0.2,same_cap_tier,Other,Other,Other,Other
CMCSA,MA,0.2,same_cap_tier,Other,Other,Other,Other
CMCSA,MCD,0.2,same_cap_tier,Other,Other,Other,Other
CMCSA,MMM,0.2,same_cap_tier,Other,Other,Other,Other
CMCSA,MRK,0.2,same_cap_tier,Other,Other,Other,Other
CMCSA,NFLX,0.2,same_cap_tier,Other,Communication Services,Other,Streaming
CMCSA,NKE,0.2,same_cap_tier,Other,Other,Other,Other
CMCSA,ORCL,0.2,same_cap_tier,Other,Technology,Other,Software
CMCSA,PEP,0.2,same_cap_tier,Other,Consumer Staples,Other,Beverages
CMCSA,PFE,0.2,same_cap_tier,Other,Healthcare,Other,Pharmaceuticals
CMCSA,PG,0.2,same_cap_tier,Other,Consumer Staples,Other,Consumer Goods
CMCSA,QCOM,0.2,same_cap_tier,Other,Other,Other,Other
CMCSA,SBUX,0.2,same_cap_tier,Other,Other,Other,Other
CMCSA,TMO,0.2,same_cap_tier,Other,Other,Other,Other
CMCSA,TSLA,0.2,same_cap_tier,Other,Consumer Discretionary,Other,Electric Vehicles
CMCSA,TXN,0.2,same_cap_tier,Other,Other,Other,Other
CMCSA,UNH,0.2,same_cap_tier,Other,Other,Other,Other
CMCSA,VZ,0.2,same_cap_tier,Other,Other,Other,Other
CMCSA,XOM,0.2,same_cap_tier,Other,Energy,Other,Oil & Gas
COST,CRM,0.2,same_cap_tier,Other,Other,Other,Other
COST,CSCO,0.2,same_cap_tier,Other,Technology,Other,Networking
COST,CVX,0.2,same_cap_tier,Other,Energy,Other,Oil & Gas
COST,DIS,0.2,same_cap_tier,Other,Other,Other,Other
COST,FDX,0.2,same_cap_tier,Other,Other,Other,Other
COST,GE,0.2,same_cap_tier,Other,Other,Other,Other
COST,HD,0.2,same_cap_tier,Other,Consumer Discretionary,Other,Home Improvement
COST,IBM,0.2,same_cap_tier,Other,Other,Other,Other
COST,INTC,0.2,same_cap_tier,Other,Technology,Other,Semiconductors
COST,KO,0.2,same_cap_tier,Other,Consumer Staples,Other,Beverages
COST,LLY,0.2,same_cap_tier,Other,Other,Other,Other
COST,MA,0.2,same_cap_tier,Other,Other,Other,Other
COST,MCD,0.2,same_cap_tier,Other,Other,Other,Other
COST,MMM,0.2,same_cap_tier,Other,Other,Other,Other
COST,MRK,0.2,same_cap_tier,Other,Other,Other,Other
COST,NFLX,0.2,same_cap_tier,Other,Communication Services,Other,Streaming
COST,NKE,0.2,same_cap_tier,Other,Other,Other,Other
COST,ORCL,0.2,same_cap_tier,Other,Technology,Other,Software
COST,PEP,0.2,same_cap_tier,Other,Consumer Staples,Other,Beverages
COST,PFE,0.2,same_cap_tier,Other,Healthcare,Other,Pharmaceuticals
COST,PG,0.2,same_cap_tier,Other,Consumer Staples,Other,Consumer Goods
COST,QCOM,0.2,same_cap_tier,Other,Other,Other,Other
COST,SBUX,0.2,same_cap_tier,Other,Other,Other,Other
COST,TMO,0.2,same_cap_tier,Other,Other,Other,Other
COST,TSLA,0.2,same_cap_tier,Other,Consumer Discretionary,Other,Electric Vehicles
COST,TXN,0.2,same_cap_tier,Other,Other,Other,Other
COST,UNH,0.2,same_cap_tier,Other,Other,Other,Other
COST,VZ,0.2,same_cap_tier,Other,Other,Other,Other
COST,XOM,0.2,same_cap_tier,Other,Energy,Other,Oil & Gas
CRM,CSCO,0.2,same_cap_tier,Other,Technology,Other,Networking
CRM,CVX,0.2,same_cap_tier,Other,Energy,Other,Oil & Gas
CRM,DIS,0.2,same_cap_tier,Other,Other,Other,Other
CRM,FDX,0.2,same_cap_tier,Other,Other,Other,Other
CRM,GE,0.2,same_cap_tier,Other,Other,Other,Other
CRM,HD,0.2,same_cap_tier,Other,Consumer Discretionary,Other,Home Improvement
CRM,IBM,0.2,same_cap_tier,Other,Other,Other,Other
CRM,INTC,0.2,same_cap_tier,Other,Technology,Other,Semiconductors
CRM,KO,0.2,same_cap_tier,Other,Consumer Staples,Other,Beverages
CRM,LLY,0.2,same_cap_tier,Other,Other,Other,Other
CRM,MA,0.2,same_cap_tier,Other,Other,Other,Other
CRM,MCD,0.2,same_cap_tier,Other,Other,Other,Other
CRM,MMM,0.2,same_cap_tier,Other,Other,Other,Other
CRM,MRK,0.2,same_cap_tier,Other,Other,Other,Other
CRM,NFLX,0.2,same_cap_tier,Other,Communication Services,Other,Streaming
CRM,NKE,0.2,same_cap_tier,Other,Other,Other,Other
CRM,ORCL,0.2,same_cap_tier,Other,Technology,Other,Software
CRM,PEP,0.2,same_cap_tier,Other,Consumer Staples,Other,Beverages
CRM,PFE,0.2,same_cap_tier,Other,Healthcare,Other,Pharmaceuticals
CRM,PG,0.2,same_cap_tier,Other,Consumer Staples,Other,Consumer Goods
CRM,QCOM,0.2,same_cap_tier,Other,Other,Other,Other
CRM,SBUX,0.2,same_cap_tier,Other,Other,Other,Other
CRM,TMO,0.2,same_cap_tier,Other,Other,Other,Other
CRM,TSLA,0.2,same_cap_tier,Other,Consumer Discretionary,Other,Electric Vehicles
CRM,TXN,0.2,same_cap_tier,Other,Other,Other,Other
CRM,UNH,0.2,same_cap_tier,Other,Other,Other,Other
CRM,VZ,0.2,same_cap_tier,Other,Other,Other,Other
CRM,XOM,0.2,same_cap_tier,Other,Energy,Other,Oil & Gas
CSCO,CVX,0.2,same_cap_tier,Technology,Energy,Networking,Oil & Gas
CSCO,DIS,0.2,same_cap_tier,Technology,Other,Networking,Other
CSCO,FDX,0.2,same_cap_tier,Technology,Other,Networking,Other
CSCO,GE,0.2,same_cap_tier,Technology,Other,Networking,Other
CSCO,GOOG,0.8,same_sector,Technology,Technology,Networking,Internet Services
CSCO,GOOGL,0.8,same_sector,Technology,Technology,Networking,Internet Services
CSCO,HD,0.2,same_cap_tier,Technology,Consumer Discretionary,Networking,Home Improvement
CSCO,IBM,0.2,same_cap_tier,Technology,Other,Networking,Other
CSCO,INTC,1.0,"same_sector,same_cap_tier",Technology,Technology,Networking,Semiconductors
CSCO,KO,0.2,same_cap_tier,Technology,Consumer Staples,Networking,Beverages
CSCO,LLY,0.2,same_cap_tier,Technology,Other,Networking,Other
CSCO,MA,0.2,same_cap_tier,Technology,Other,Networking,Other
CSCO,MCD,0.2,same_cap_tier,Technology,Other,Networking,Other
CSCO,META,0.8,same_sector,Technology,Technology,Networking,Social Media
CSCO,MMM,0.2,same_cap_tier,Technology,Other,Networking,Other
CSCO,MRK,0.2,same_cap_tier,Technology,Other,Networking,Other
CSCO,MSFT,0.8,same_sector,Technology,Technology,Networking,Software
CSCO,NFLX,0.2,same_cap_tier,Technology,Communication Services,Networking,Streaming
CSCO,NKE,0.2,same_cap_tier,Technology,Other,Networking,Other
CSCO,NVDA,0.8,same_sector,Technology,Technology,Networking,Semiconductors
CSCO,ORCL,1.0,"same_sector,same_cap_tier",Technology,Technology,Networking,Software
CSCO,PEP,0.2,same_cap_tier,Technology,Consumer Staples,Networking,Beverages
CSCO,PFE,0.2,same_cap_tier,Technology,Healthcare,Networking,Pharmaceuticals
CSCO,PG,0.2,same_cap_tier,Technology,Consumer Staples,Networking,Consumer Goods
CSCO,QCOM,0.2,same_cap_tier,Technology,Other,Networking,Other
CSCO,SBUX,0.2,same_cap_tier,Technology,Other,Networking,Other
CSCO,TMO,0.2,same_cap_tier,Technology,Other,Networking,Other
CSCO,TSLA,0.2,same_cap_tier,Technology,Consumer Discretionary,Networking,Electric Vehicles
CSCO,TXN,0.2,same_cap_tier,Technology,Other,Networking,Other
CSCO,UNH,0.2,same_cap_tier,Technology,Other,Networking,Other
CSCO,VZ,0.2,same_cap_tier,Technology,Other,Networking,Other
CSCO,XOM,0.2,same_cap_tier,Technology,Energy,Networking,Oil & Gas
CVX,DIS,0.2,same_cap_tier,Energy,Other,Oil & Gas,Other
CVX,FDX,0.2,same_cap_tier,Energy,Other,Oil & Gas,Other
CVX,GE,0.2,same_cap_tier,Energy,Other,Oil & Gas,Other
CVX,HD,0.2,same_cap_tier,Energy,Consumer Discretionary,Oil & Gas,Home Improvement
CVX,IBM,0.2,same_cap_tier,Energy,Other,Oil & Gas,Other
CVX,INTC,0.2,same_cap_tier,Energy,Technology,Oil & Gas,Semiconductors
CVX,KO,0.2,same_cap_tier,Energy,Consumer Staples,Oil & Gas,Beverages
CVX,LLY,0.2,same_cap_tier,Energy,Other,Oil & Gas,Other
CVX,MA,0.2,same_cap_tier,Energy,Other,Oil & Gas,Other
CVX,MCD,0.2,same_cap_tier,Energy,Other,Oil & Gas,Other
CVX,MMM,0.2,same_cap_tier,Energy,Other,Oil & Gas,Other
CVX,MRK,0.2,same_cap_tier,Energy,Other,Oil & Gas,Other
CVX,NFLX,0.2,same_cap_tier,Energy,Communication Services,Oil & Gas,Streaming
CVX,NKE,0.2,same_cap_tier,Energy,Other,Oil & Gas,Other
CVX,ORCL,0.2,same_cap_tier,Energy,Technology,Oil & Gas,Software
CVX,PEP,0.2,same_cap_tier,Energy,Consumer Staples,Oil & Gas,Beverages
CVX,PFE,0.2,same_cap_tier,Energy,Healthcare,Oil & Gas,Pharmaceuticals
CVX,PG,0.2,same_cap_tier,Energy,Consumer Staples,Oil & Gas,Consumer Goods
CVX,QCOM,0.2,same_cap_tier,Energy,Other,Oil & Gas,Other
CVX,SBUX,0.2,same_cap_tier,Energy,Other,Oil & Gas,Other
CVX,TMO,0.2,same_cap_tier,Energy,Other,Oil & Gas,Other
CVX,TSLA,0.2,same_cap_tier,Energy,Consumer Discretionary,Oil & Gas,Electric Vehicles
CVX,TXN,0.2,same_cap_tier,Energy,Other,Oil & Gas,Other
CVX,UNH,0.2,same_cap_tier,Energy,Other,Oil & Gas,Other
CVX,VZ,0.2,same_cap_tier,Energy,Other,Oil & Gas,Other
CVX,XOM,1.0,"same_sector,same_industry,same_cap_tier",Energy,Energy,Oil & Gas,Oil & Gas
DIS,FDX,0.2,same_cap_tier,Other,Other,Other,Other
DIS,GE,0.2,same_cap_tier,Other,Other,Other,Other
DIS,HD,0.2,same_cap_tier,Other,Consumer Discretionary,Other,Home Improvement
DIS,IBM,0.2,same_cap_tier,Other,Other,Other,Other
DIS,INTC,0.2,same_cap_tier,Other,Technology,Other,Semiconductors
DIS,KO,0.2,same_cap_tier,Other,Consumer Staples,Other,Beverages
DIS,LLY,0.2,same_cap_tier,Other,Other,Other,Other
DIS,MA,0.2,same_cap_tier,Other,Other,Other,Other
DIS,MCD,0.2,same_cap_tier,Other,Other,Other,Other
DIS,MMM,0.2,same_cap_tier,Other,Other,Other,Other
DIS,MRK,0.2,same_cap_tier,Other,Other,Other,Other
DIS,NFLX,0.2,same_cap_tier,Other,Communication Services,Other,Streaming
DIS,NKE,0.2,same_cap_tier,Other,Other,Other,Other
DIS,ORCL,0.2,same_cap_tier,Other,Technology,Other,Software
DIS,PEP,0.2,same_cap_tier,Other,Consumer Staples,Other,Beverages
DIS,PFE,0.2,same_cap_tier,Other,Healthcare,Other,Pharmaceuticals
DIS,PG,0.2,same_cap_tier,Other,Consumer Staples,Other,Consumer Goods
DIS,QCOM,0.2,same_cap_tier,Other,Other,Other,Other
DIS,SBUX,0.2,same_cap_tier,Other,Other,Other,Other
DIS,TMO,0.2,same_cap_tier,Other,Other,Other,Other
DIS,TSLA,0.2,same_cap_tier,Other,Consumer Discretionary,Other,Electric Vehicles
DIS,TXN,0.2,same_cap_tier,Other,Other,Other,Other
DIS,UNH,0.2,same_cap_tier,Other,Other,Other,Other
DIS,VZ,0.2,same_cap_tier,Other,Other,Other,Other
DIS,XOM,0.2,same_cap_tier,Other,Energy,Other,Oil & Gas
FDX,GE,0.2,same_cap_tier,Other,Other,Other,Other
FDX,HD,0.2,same_cap_tier,Other,Consumer Discretionary,Other,Home Improvement
FDX,IBM,0.2,same_cap_tier,Other,Other,Other,Other
FDX,INTC,0.2,same_cap_tier,Other,Technology,Other,Semiconductors
FDX,KO,0.2,same_cap_tier,Other,Consumer Staples,Other,Beverages
FDX,LLY,0.2,same_cap_tier,Other,Other,Other,Other
FDX,MA,0.2,same_cap_tier,Other,Other,Other,Other
FDX,MCD,0.2,same_cap_tier,Other,Other,Other,Other
FDX,MMM,0.2,same_cap_tier,Other,Other,Other,Other
FDX,MRK,0.2,same_cap_tier,Other,Other,Other,Other
FDX,NFLX,0.2,same_cap_tier,Other,Communication Services,Other,Streaming
FDX,NKE,0.2,same_cap_tier,Other,Other,Other,Other
FDX,ORCL,0.2,same_cap_tier,Other,Technology,Other,Software
FDX,PEP,0.2,same_cap_tier,Other,Consumer Staples,Other,Beverages
FDX,PFE,0.2,same_cap_tier,Other,Healthcare,Other,Pharmaceuticals
FDX,PG,0.2,same_cap_tier,Other,Consumer Staples,Other,Consumer Goods
FDX,QCOM,0.2,same_cap_tier,Other,Other,Other,Other
FDX,SBUX,0.2,same_cap_tier,Other,Other,Other,Other
FDX,TMO,0.2,same_cap_tier,Other,Other,Other,Other
FDX,TSLA,0.2,same_cap_tier,Other,Consumer Discretionary,Other,Electric Vehicles
FDX,TXN,0.2,same_cap_tier,Other,Other,Other,Other
FDX,UNH,0.2,same_cap_tier,Other,Other,Other,Other
FDX,VZ,0.2,same_cap_tier,Other,Other,Other,Other
FDX,XOM,0.2,same_cap_tier,Other,Energy,Other,Oil & Gas
GE,HD,0.2,same_cap_tier,Other,Consumer Discretionary,Other,Home Improvement
GE,IBM,0.2,same_cap_tier,Other,Other,Other,Other
GE,INTC,0.2,same_cap_tier,Other,Technology,Other,Semiconductors
GE,KO,0.2,same_cap_tier,Other,Consumer Staples,Other,Beverages
GE,LLY,0.2,same_cap_tier,Other,Other,Other,Other
GE,MA,0.2,same_cap_tier,Other,Other,Other,Other
GE,MCD,0.2,same_cap_tier,Other,Other,Other,Other
GE,MMM,0.2,same_cap_tier,Other,Other,Other,Other
GE,MRK,0.2,same_cap_tier,Other,Other,Other,Other
GE,NFLX,0.2,same_cap_tier,Other,Communication Services,Other,Streaming
GE,NKE,0.2,same_cap_tier,Other,Other,Other,Other
GE,ORCL,0.2,same_cap_tier,Other,Technology,Other,Software
GE,PEP,0.2,same_cap_tier,Other,Consumer Staples,Other,Beverages
GE,PFE,0.2,same_cap_tier,Other,Healthcare,Other,Pharmaceuticals
GE,PG,0.2,same_cap_tier,Other,Consumer Staples,Other,Consumer Goods
GE,QCOM,0.2,same_cap_tier,Other,Other,Other,Other
GE,SBUX,0.2,same_cap_tier,Other,Other,Other,Other
GE,TMO,0.2,same_cap_tier,Other,Other,Other,Other
GE,TSLA,0.2,same_cap_tier,Other,Consumer Discretionary,Other,Electric Vehicles
GE,TXN,0.2,same_cap_tier,Other,Other,Other,Other
GE,UNH,0.2,same_cap_tier,Other,Other,Other,Other
GE,VZ,0.2,same_cap_tier,Other,Other,Other,Other
GE,XOM,0.2,same_cap_tier,Other,Energy,Other,Oil & Gas
GOOG,GOOGL,1.0,"same_sector,same_industry,same_cap_tier",Technology,Technology,Internet Services,Internet Services
GOOG,INTC,0.8,same_sector,Technology,Technology,Internet Services,Semiconductors
GOOG,JNJ,0.2,same_cap_tier,Technology,Healthcare,Internet Services,Pharmaceuticals
GOOG,JPM,0.2,same_cap_tier,Technology,Financial Services,Internet Services,Banking
GOOG,META,1.0,"same_sector,same_cap_tier",Technology,Technology,Internet Services,Social Media
GOOG,MSFT,1.0,"same_sector,same_cap_tier",Technology,Technology,Internet Services,Software
GOOG,NVDA,1.0,"same_sector,same_cap_tier",Technology,Technology,Internet Services,Semiconductors
GOOG,ORCL,0.8,same_sector,Technology,Technology,Internet Services,Software
GOOG,V,0.2,same_cap_tier,Technology,Financial Services,Internet Services,Payment Processing
GOOG,WMT,0.2,same_cap_tier,Technology,Consumer Staples,Internet Services,Retail
GOOGL,INTC,0.8,same_sector,Technology,Technology,Internet Services,Semiconductors
GOOGL,JNJ,0.2,same_cap_tier,Technology,Healthcare,Internet Services,Pharmaceuticals
GOOGL,JPM,0.2,same_cap_tier,Technology,Financial Services,Internet Services,Banking
GOOGL,META,1.0,"same_sector,same_cap_tier",Technology,Technology,Internet Services,Social Media
GOOGL,MSFT,1.0,"same_sector,same_cap_tier",Technology,Technology,Internet Services,Software
GOOGL,NVDA,1.0,"same_sector,same_cap_tier",Technology,Technology,Internet Services,Semiconductors
GOOGL,ORCL,0.8,same_sector,Technology,Technology,Internet Services,Software
GOOGL,V,0.2,same_cap_tier,Technology,Financial Services,Internet Services,Payment Processing
GOOGL,WMT,0.2,same_cap_tier,Technology,Consumer Staples,Internet Services,Retail
HD,IBM,0.2,same_cap_tier,Consumer Discretionary,Other,Home Improvement,Other
HD,INTC,0.2,same_cap_tier,Consumer Discretionary,Technology,Home Improvement,Semiconductors
HD,KO,0.2,same_cap_tier,Consumer Discretionary,Consumer Staples,Home Improvement,Beverages
HD,LLY,0.2,same_cap_tier,Consumer Discretionary,Other,Home Improvement,Other
HD,MA,0.2,same_cap_tier,Consumer Discretionary,Other,Home Improvement,Other
HD,MCD,0.2,same_cap_tier,Consumer Discretionary,Other,Home Improvement,Other
HD,MMM,0.2,same_cap_tier,Consumer Discretionary,Other,Home Improvement,Other
HD,MRK,0.2,same_cap_tier,Consumer Discretionary,Other,Home Improvement,Other
HD,NFLX,0.2,same_cap_tier,Consumer Discretionary,Communication Services,Home Improvement,Streaming
HD,NKE,0.2,same_cap_tier,Consumer Discretionary,Other,Home Improvement,Other
HD,ORCL,0.2,same_cap_tier,Consumer Discretionary,Technology,Home Improvement,Software
HD,PEP,0.2,same_cap_tier,Consumer Discretionary,Consumer Staples,Home Improvement,Beverages
HD,PFE,0.2,same_cap_tier,Consumer Discretionary,Healthcare,Home Improvement,Pharmaceuticals
HD,PG,0.2,same_cap_tier,Consumer Discretionary,Consumer Staples,Home Improvement,Consumer Goods
HD,QCOM,0.2,same_cap_tier,Consumer Discretionary,Other,Home Improvement,Other
HD,SBUX,0.2,same_cap_tier,Consumer Discretionary,Other,Home Improvement,Other
HD,TMO,0.2,same_cap_tier,Consumer Discretionary,Other,Home Improvement,Other
HD,TSLA,1.0,"same_sector,same_cap_tier",Consumer Discretionary,Consumer Discretionary,Home Improvement,Electric Vehicles
HD,TXN,0.2,same_cap_tier,Consumer Discretionary,Other,Home Improvement,Other
HD,UNH,0.2,same_cap_tier,Consumer Discretionary,Other,Home Improvement,Other
HD,VZ,0.2,same_cap_tier,Consumer Discretionary,Other,Home Improvement,Other
HD,XOM,0.2,same_cap_tier,Consumer Discretionary,Energy,Home Improvement,Oil & Gas
IBM,INTC,0.2,same_cap_tier,Other,Technology,Other,Semiconductors
IBM,KO,0.2,same_cap_tier,Other,Consumer Staples,Other,Beverages
IBM,LLY,0.2,same_cap_tier,Other,Other,Other,Other
IBM,MA,0.2,same_cap_tier,Other,Other,Other,Other
IBM,MCD,0.2,same_cap_tier,Other,Other,Other,Other
IBM,MMM,0.2,same_cap_tier,Other,Other,Other,Other
IBM,MRK,0.2,same_cap_tier,Other,Other,Other,Other
IBM,NFLX,0.2,same_cap_tier,Other,Communication Services,Other,Streaming
IBM,NKE,0.2,same_cap_tier,Other,Other,Other,Other
IBM,ORCL,0.2,same_cap_tier,Other,Technology,Other,Software
IBM,PEP,0.2,same_cap_tier,Other,Consumer Staples,Other,Beverages
IBM,PFE,0.2,same_cap_tier,Other,Healthcare,Other,Pharmaceuticals
IBM,PG,0.2,same_cap_tier,Other,Consumer Staples,Other,Consumer Goods
IBM,QCOM,0.2,same_cap_tier,Other,Other,Other,Other
IBM,SBUX,0.2,same_cap_tier,Other,Other,Other,Other
IBM,TMO,0.2,same_cap_tier,Other,Other,Other,Other
IBM,TSLA,0.2,same_cap_tier,Other,Consumer Discretionary,Other,Electric Vehicles
IBM,TXN,0.2,same_cap_tier,Other,Other,Other,Other
IBM,UNH,0.2,same_cap_tier,Other,Other,Other,Other
IBM,VZ,0.2,same_cap_tier,Other,Other,Other,Other
IBM,XOM,0.2,same_cap_tier,Other,Energy,Other,Oil & Gas
INTC,KO,0.2,same_cap_tier,Technology,Consumer Staples,Semiconductors,Beverages
INTC,LLY,0.2,same_cap_tier,Technology,Other,Semiconductors,Other
INTC,MA,0.2,same_cap_tier,Technology,Other,Semiconductors,Other
INTC,MCD,0.2,same_cap_tier,Technology,Other,Semiconductors,Other
INTC,META,0.8,same_sector,Technology,Technology,Semiconductors,Social Media
INTC,MMM,0.2,same_cap_tier,Technology,Other,Semiconductors,Other
INTC,MRK,0.2,same_cap_tier,Technology,Other,Semiconductors,Other
INTC,MSFT,0.8,same_sector,Technology,Technology,Semiconductors,Software
INTC,NFLX,0.2,same_cap_tier,Technology,Communication Services,Semiconductors,Streaming
INTC,NKE,0.2,same_cap_tier,Technology,Other,Semiconductors,Other
INTC,NVDA,1.0,"same_sector,same_industry",Technology,Technology,Semiconductors,Semiconductors
INTC,ORCL,1.0,"same_sector,same_cap_tier",Technology,Technology,Semiconductors,Software
INTC,PEP,0.2,same_cap_tier,Technology,Consumer Staples,Semiconductors,Beverages
INTC,PFE,0.2,same_cap_tier,Technology,Healthcare,Semiconductors,Pharmaceuticals
INTC,PG,0.2,same_cap_tier,Technology,Consumer Staples,Semiconductors,Consumer Goods
INTC,QCOM,0.2,same_cap_tier,Technology,Other,Semiconductors,Other
INTC,SBUX,0.2,same_cap_tier,Technology,Other,Semiconductors,Other
INTC,TMO,0.2,same_cap_tier,Technology,Other,Semiconductors,Other
INTC,TSLA,0.2,same_cap_tier,Technology,Consumer Discretionary,Semiconductors,Electric Vehicles
INTC,TXN,0.2,same_cap_tier,Technology,Other,Semiconductors,Other
INTC,UNH,0.2,same_cap_tier,Technology,Other,Semiconductors,Other
INTC,VZ,0.2,same_cap_tier,Technology,Other,Semiconductors,Other
INTC,XOM,0.2,same_cap_tier,Technology,Energy,Semiconductors,Oil & Gas
JNJ,JPM,0.2,same_cap_tier,Healthcare,Financial Services,Pharmaceuticals,Banking
JNJ,META,0.2,same_cap_tier,Healthcare,Technology,Pharmaceuticals,Social Media
JNJ,MSFT,0.2,same_cap_tier,Healthcare,Technology,Pharmaceuticals,Software
JNJ,NVDA,0.2,same_cap_tier,Healthcare,Technology,Pharmaceuticals,Semiconductors
JNJ,PFE,1.0,"same_sector,same_industry",Healthcare,Healthcare,Pharmaceuticals,Pharmaceuticals
JNJ,V,0.2,same_cap_tier,Healthcare,Financial Services,Pharmaceuticals,Payment Processing
JNJ,WMT,0.2,same_cap_tier,Healthcare,Consumer Staples,Pharmaceuticals,Retail
JPM,META,0.2,same_cap_tier,Financial Services,Technology,Banking,Social Media
JPM,MSFT,0.2,same_cap_tier,Financial Services,Technology,Banking,Software
JPM,NVDA,0.2,same_cap_tier,Financial Services,Technology,Banking,Semiconductors
JPM,V,1.0,"same_sector,same_cap_tier",Financial Services,Financial Services,Banking,Payment Processing
JPM,WMT,0.2,same_cap_tier,Financial Services,Consumer Staples,Banking,Retail
KO,LLY,0.2,same_cap_tier,Consumer Staples,Other,Beverages,Other
KO,MA,0.2,same_cap_tier,Consumer Staples,Other,Beverages,Other
KO,MCD,0.2,same_cap_tier,Consumer Staples,Other,Beverages,Other
KO,MMM,0.2,same_cap_tier,Consumer Staples,Other,Beverages,Other
KO,MRK,0.2,same_cap_tier,Consumer Staples,Other,Beverages,Other
KO,NFLX,0.2,same_cap_tier,Consumer Staples,Communication Services,Beverages,Streaming
KO,NKE,0.2,same_cap_tier,Consumer Staples,Other,Beverages,Other
KO,ORCL,0.2,same_cap_tier,Consumer Staples,Technology,Beverages,Software
KO,PEP,1.0,"same_sector,same_industry,same_cap_tier",Consumer Staples,Consumer Staples,Beverages,Beverages
KO,PFE,0.2,same_cap_tier,Consumer Staples,Healthcare,Beverages,Pharmaceuticals
KO,PG,1.0,"same_sector,same_cap_tier",Consumer Staples,Consumer Staples,Beverages,Consumer Goods
KO,QCOM,0.2,same_cap_tier,Consumer Staples,Other,Beverages,Other
KO,SBUX,0.2,same_cap_tier,Consumer Staples,Other,Beverages,Other
KO,TMO,0.2,same_cap_tier,Consumer Staples,Other,Beverages,Other
KO,TSLA,0.2,same_cap_tier,Consumer Staples,Consumer Discretionary,Beverages,Electric Vehicles
KO,TXN,0.2,same_cap_tier,Consumer Staples,Other,Beverages,Other
KO,UNH,0.2,same_cap_tier,Consumer Staples,Other,Beverages,Other
KO,VZ,0.2,same_cap_tier,Consumer Staples,Other,Beverages,Other
KO,WMT,0.8,same_sector,Consumer Staples,Consumer Staples,Beverages,Retail
KO,XOM,0.2,same_cap_tier,Consumer Staples,Energy,Beverages,Oil & Gas
LLY,MA,0.2,same_cap_tier,Other,Other,Other,Other
LLY,MCD,0.2,same_cap_tier,Other,Other,Other,Other
LLY,MMM,0.2,same_cap_tier,Other,Other,Other,Other
LLY,MRK,0.2,same_cap_tier,Other,Other,Other,Other
LLY,NFLX,0.2,same_cap_tier,Other,Communication Services,Other,Streaming
LLY,NKE,0.2,same_cap_tier,Other,Other,Other,Other
LLY,ORCL,0.2,same_cap_tier,Other,Technology,Other,Software
LLY,PEP,0.2,same_cap_tier,Other,Consumer Staples,Other,Beverages
LLY,PFE,0.2,same_cap_tier,Other,Healthcare,Other,Pharmaceuticals
LLY,PG,0.2,same_cap_tier,Other,Consumer Staples,Other,Consumer Goods
LLY,QCOM,0.2,same_cap_tier,Other,Other,Other,Other
LLY,SBUX,0.2,same_cap_tier,Other,Other,Other,Other
LLY,TMO,0.2,same_cap_tier,Other,Other,Other,Other
LLY,TSLA,0.2,same_cap_tier,Other,Consumer Discretionary,Other,Electric Vehicles
LLY,TXN,0.2,same_cap_tier,Other,Other,Other,Other
LLY,UNH,0.2,same_cap_tier,Other,Other,Other,Other
LLY,VZ,0.2,same_cap_tier,Other,Other,Other,Other
LLY,XOM,0.2,same_cap_tier,Other,Energy,Other,Oil & Gas
MA,MCD,0.2,same_cap_tier,Other,Other,Other,Other
MA,MMM,0.2,same_cap_tier,Other,Other,Other,Other
MA,MRK,0.2,same_cap_tier,Other,Other,Other,Other
MA,NFLX,0.2,same_cap_tier,Other,Communication Services,Other,Streaming
MA,NKE,0.2,same_cap_tier,Other,Other,Other,Other
MA,ORCL,0.2,same_cap_tier,Other,Technology,Other,Software
MA,PEP,0.2,same_cap_tier,Other,Consumer Staples,Other,Beverages
MA,PFE,0.2,same_cap_tier,Other,Healthcare,Other,Pharmaceuticals
MA,PG,0.2,same_cap_tier,Other,Consumer Staples,Other,Consumer Goods
MA,QCOM,0.2,same_cap_tier,Other,Other,Other,Other
MA,SBUX,0.2,same_cap_tier,Other,Other,Other,Other
MA,TMO,0.2,same_cap_tier,Other,Other,Other,Other
MA,TSLA,0.2,same_cap_tier,Other,Consumer Discretionary,Other,Electric Vehicles
MA,TXN,0.2,same_cap_tier,Other,Other,Other,Other
MA,UNH,0.2,same_cap_tier,Other,Other,Other,Other
MA,VZ,0.2,same_cap_tier,Other,Other,Other,Other
MA,XOM,0.2,same_cap_tier,Other,Energy,Other,Oil & Gas
MCD,MMM,0.2,same_cap_tier,Other,Other,Other,Other
MCD,MRK,0.2,same_cap_tier,Other,Other,Other,Other
MCD,NFLX,0.2,same_cap_tier,Other,Communication Services,Other,Streaming
MCD,NKE,0.2,same_cap_tier,Other,Other,Other,Other
MCD,ORCL,0.2,same_cap_tier,Other,Technology,Other,Software
MCD,PEP,0.2,same_cap_tier,Other,Consumer Staples,Other,Beverages
MCD,PFE,0.2,same_cap_tier,Other,Healthcare,Other,Pharmaceuticals
MCD,PG,0.2,same_cap_tier,Other,Consumer Staples,Other,Consumer Goods
MCD,QCOM,0.2,same_cap_tier,Other,Other,Other,Other
MCD,SBUX,0.2,same_cap_tier,Other,Other,Other,Other
MCD,TMO,0.2,same_cap_tier,Other,Other,Other,Other
MCD,TSLA,0.2,same_cap_tier,Other,Consumer Discretionary,Other,Electric Vehicles
MCD,TXN,0.2,same_cap_tier,Other,Other,Other,Other
MCD,UNH,0.2,same_cap_tier,Other,Other,Other,Other
MCD,VZ,0.2,same_cap_tier,Other,Other,Other,Other
MCD,XOM,0.2,same_cap_tier,Other,Energy,Other,Oil & Gas
META,MSFT,1.0,"same_sector,same_cap_tier",Technology,Technology,Social Media,Software
META,NVDA,1.0,"same_sector,same_cap_tier",Technology,Technology,Social Media,Semiconductors
META,ORCL,0.8,same_sector,Technology,Technology,Social Media,Software
META,V,0.2,same_cap_tier,Technology,Financial Services,Social Media,Payment Processing
META,WMT,0.2,same_cap_tier,Technology,Consumer Staples,Social Media,Retail
MMM,MRK,0.2,same_cap_tier,Other,Other,Other,Other
MMM,NFLX,0.2,same_cap_tier,Other,Communication Services,Other,Streaming
MMM,NKE,0.2,same_cap_tier,Other,Other,Other,Other
MMM,ORCL,0.2,same_cap_tier,Other,Technology,Other,Software
MMM,PEP,0.2,same_cap_tier,Other,Consumer Staples,Other,Beverages
MMM,PFE,0.2,same_cap_tier,Other,Healthcare,Other,Pharmaceuticals
MMM,PG,0.2,same_cap_tier,Other,Consumer Staples,Other,Consumer Goods
MMM,QCOM,0.2,same_cap_tier,Other,Other,Other,Other
MMM,SBUX,0.2,same_cap_tier,Other,Other,Other,Other
MMM,TMO,0.2,same_cap_tier,Other,Other,Other,Other
MMM,TSLA,0.2,same_cap_tier,Other,Consumer Discretionary,Other,Electric Vehicles
MMM,TXN,0.2,same_cap_tier,Other,Other,Other,Other
MMM,UNH,0.2,same_cap_tier,Other,Other,Other,Other
MMM,VZ,0.2,same_cap_tier,Other,Other,Other,Other
MMM,XOM,0.2,same_cap_tier,Other,Energy,Other,Oil & Gas
MRK,NFLX,0.2,same_cap_tier,Other,Communication Services,Other,Streaming
MRK,NKE,0.2,same_cap_tier,Other,Other,Other,Other
MRK,ORCL,0.2,same_cap_tier,Other,Technology,Other,Software
MRK,PEP,0.2,same_cap_tier,Other,Consumer Staples,Other,Beverages
MRK,PFE,0.2,same_cap_tier,Other,Healthcare,Other,Pharmaceuticals
MRK,PG,0.2,same_cap_tier,Other,Consumer Staples,Other,Consumer Goods
MRK,QCOM,0.2,same_cap_tier,Other,Other,Other,Other
MRK,SBUX,0.2,same_cap_tier,Other,Other,Other,Other
MRK,TMO,0.2,same_cap_tier,Other,Other,Other,Other
MRK,TSLA,0.2,same_cap_tier,Other,Consumer Discretionary,Other,Electric Vehicles
MRK,TXN,0.2,same_cap_tier,Other,Other,Other,Other
MRK,UNH,0.2,same_cap_tier,Other,Other,Other,Other
MRK,VZ,0.2,same_cap_tier,Other,Other,Other,Other
MRK,XOM,0.2,same_cap_tier,Other,Energy,Other,Oil & Gas
MSFT,NVDA,1.0,"same_sector,same_cap_tier",Technology,Technology,Software,Semiconductors
MSFT,ORCL,1.0,"same_sector,same_industry",Technology,Technology,Software,Software
MSFT,V,0.2,same_cap_tier,Technology,Financial Services,Software,Payment Processing
MSFT,WMT,0.2,same_cap_tier,Technology,Consumer Staples,Software,Retail
NFLX,NKE,0.2,same_cap_tier,Communication Services,Other,Streaming,Other
NFLX,ORCL,0.2,same_cap_tier,Communication Services,Technology,Streaming,Software
NFLX,PEP,0.2,same_cap_tier,Communication Services,Consumer Staples,Streaming,Beverages
NFLX,PFE,0.2,same_cap_tier,Communication Services,Healthcare,Streaming,Pharmaceuticals
NFLX,PG,0.2,same_cap_tier,Communication Services,Consumer Staples,Streaming,Consumer Goods
NFLX,QCOM,0.2,same_cap_tier,Communication Services,Other,Streaming,Other
NFLX,SBUX,0.2,same_cap_tier,Communication Services,Other,Streaming,Other
NFLX,TMO,0.2,same_cap_tier,Communication Services,Other,Streaming,Other
NFLX,TSLA,0.2,same_cap_tier,Communication Services,Consumer Discretionary,Streaming,Electric Vehicles
NFLX,TXN,0.2,same_cap_tier,Communication Services,Other,Streaming,Other
NFLX,UNH,0.2,same_cap_tier,Communication Services,Other,Streaming,Other
NFLX,VZ,0.2,same_cap_tier,Communication Services,Other,Streaming,Other
NFLX,XOM,0.2,same_cap_tier,Communication Services,Energy,Streaming,Oil & Gas
NKE,ORCL,0.2,same_cap_tier,Other,Technology,Other,Software
NKE,PEP,0.2,same_cap_tier,Other,Consumer Staples,Other,Beverages
NKE,PFE,0.2,same_cap_tier,Other,Healthcare,Other,Pharmaceuticals
NKE,PG,0.2,same_cap_tier,Other,Consumer Staples,Other,Consumer Goods
NKE,QCOM,0.2,same_cap_tier,Other,Other,Other,Other
NKE,SBUX,0.2,same_cap_tier,Other,Other,Other,Other
NKE,TMO,0.2,same_cap_tier,Other,Other,Other,Other
NKE,TSLA,0.2,same_cap_tier,Other,Consumer Discretionary,Other,Electric Vehicles
NKE,TXN,0.2,same_cap_tier,Other,Other,Other,Other
NKE,UNH,0.2,same_cap_tier,Other,Other,Other,Other
NKE,VZ,0.2,same_cap_tier,Other,Other,Other,Other
NKE,XOM,0.2,same_cap_tier,Other,Energy,Other,Oil & Gas
NVDA,ORCL,0.8,same_sector,Technology,Technology,Semiconductors,Software
NVDA,V,0.2,same_cap_tier,Technology,Financial Services,Semiconductors,Payment Processing
NVDA,WMT,0.2,same_cap_tier,Technology,Consumer Staples,Semiconductors,Retail
ORCL,PEP,0.2,same_cap_tier,Technology,Consumer Staples,Software,Beverages
ORCL,PFE,0.2,same_cap_tier,Technology,Healthcare,Software,Pharmaceuticals
ORCL,PG,0.2,same_cap_tier,Technology,Consumer Staples,Software,Consumer Goods
ORCL,QCOM,0.2,same_cap_tier,Technology,Other,Software,Other
ORCL,SBUX,0.2,same_cap_tier,Technology,Other,Software,Other
ORCL,TMO,0.2,same_cap_tier,Technology,Other,Software,Other
ORCL,TSLA,0.2,same_cap_tier,Technology,Consumer Discretionary,Software,Electric Vehicles
ORCL,TXN,0.2,same_cap_tier,Technology,Other,Software,Other
ORCL,UNH,0.2,same_cap_tier,Technology,Other,Software,Other
ORCL,VZ,0.2,same_cap_tier,Technology,Other,Software,Other
ORCL,XOM,0.2,same_cap_tier,Technology,Energy,Software,Oil & Gas
PEP,PFE,0.2,same_cap_tier,Consumer Staples,Healthcare,Beverages,Pharmaceuticals
PEP,PG,1.0,"same_sector,same_cap_tier",Consumer Staples,Consumer Staples,Beverages,Consumer Goods
PEP,QCOM,0.2,same_cap_tier,Consumer Staples,Other,Beverages,Other
PEP,SBUX,0.2,same_cap_tier,Consumer Staples,Other,Beverages,Other
PEP,TMO,0.2,same_cap_tier,Consumer Staples,Other,Beverages,Other
PEP,TSLA,0.2,same_cap_tier,Consumer Staples,Consumer Discretionary,Beverages,Electric Vehicles
PEP,TXN,0.2,same_cap_tier,Consumer Staples,Other,Beverages,Other
PEP,UNH,0.2,same_cap_tier,Consumer Staples,Other,Beverages,Other
PEP,VZ,0.2,same_cap_tier,Consumer Staples,Other,Beverages,Other
PEP,WMT,0.8,same_sector,Consumer Staples,Consumer Staples,Beverages,Retail
PEP,XOM,0.2,same_cap_tier,Consumer Staples,Energy,Beverages,Oil & Gas
PFE,PG,0.2,same_cap_tier,Healthcare,Consumer Staples,Pharmaceuticals,Consumer Goods
PFE,QCOM,0.2,same_cap_tier,Healthcare,Other,Pharmaceuticals,Other
PFE,SBUX,0.2,same_cap_tier,Healthcare,Other,Pharmaceuticals,Other
PFE,TMO,0.2,same_cap_tier,Healthcare,Other,Pharmaceuticals,Other
PFE,TSLA,0.2,same_cap_tier,Healthcare,Consumer Discretionary,Pharmaceuticals,Electric Vehicles
PFE,TXN,0.2,same_cap_tier,Healthcare,Other,Pharmaceuticals,Other
PFE,UNH,0.2,same_cap_tier,Healthcare,Other,Pharmaceuticals,Other
PFE,VZ,0.2,same_cap_tier,Healthcare,Other,Pharmaceuticals,Other
PFE,XOM,0.2,same_cap_tier,Healthcare,Energy,Pharmaceuticals,Oil & Gas
PG,QCOM,0.2,same_cap_tier,Consumer Staples,Other,Consumer Goods,Other
PG,SBUX,0.2,same_cap_tier,Consumer Staples,Other,Consumer Goods,Other
PG,TMO,0.2,same_cap_tier,Consumer Staples,Other,Consumer Goods,Other
PG,TSLA,0.2,same_cap_tier,Consumer Staples,Consumer Discretionary,Consumer Goods,Electric Vehicles
PG,TXN,0.2,same_cap_tier,Consumer Staples,Other,Consumer Goods,Other
PG,UNH,0.2,same_cap_tier,Consumer Staples,Other,Consumer Goods,Other
PG,VZ,0.2,same_cap_tier,Consumer Staples,Other,Consumer Goods,Other
PG,WMT,0.8,same_sector,Consumer Staples,Consumer Staples,Consumer Goods,Retail
PG,XOM,0.2,same_cap_tier,Consumer Staples,Energy,Consumer Goods,Oil & Gas
QCOM,SBUX,0.2,same_cap_tier,Other,Other,Other,Other
QCOM,TMO,0.2,same_cap_tier,Other,Other,Other,Other
QCOM,TSLA,0.2,same_cap_tier,Other,Consumer Discretionary,Other,Electric Vehicles
QCOM,TXN,0.2,same_cap_tier,Other,Other,Other,Other
QCOM,UNH,0.2,same_cap_tier,Other,Other,Other,Other
QCOM,VZ,0.2,same_cap_tier,Other,Other,Other,Other
QCOM,XOM,0.2,same_cap_tier,Other,Energy,Other,Oil & Gas
SBUX,TMO,0.2,same_cap_tier,Other,Other,Other,Other
SBUX,TSLA,0.2,same_cap_tier,Other,Consumer Discretionary,Other,Electric Vehicles
SBUX,TXN,0.2,same_cap_tier,Other,Other,Other,Other
SBUX,UNH,0.2,same_cap_tier,Other,Other,Other,Other
SBUX,VZ,0.2,same_cap_tier,Other,Other,Other,Other
SBUX,XOM,0.2,same_cap_tier,Other,Energy,Other,Oil & Gas
TMO,TSLA,0.2,same_cap_tier,Other,Consumer Discretionary,Other,Electric Vehicles
TMO,TXN,0.2,same_cap_tier,Other,Other,Other,Other
TMO,UNH,0.2,same_cap_tier,Other,Other,Other,Other
TMO,VZ,0.2,same_cap_tier,Other,Other,Other,Other
TMO,XOM,0.2,same_cap_tier,Other,Energy,Other,Oil & Gas
TSLA,TXN,0.2,same_cap_tier,Consumer Discretionary,Other,Electric Vehicles,Other
TSLA,UNH,0.2,same_cap_tier,Consumer Discretionary,Other,Electric Vehicles,Other
TSLA,VZ,0.2,same_cap_tier,Consumer Discretionary,Other,Electric Vehicles,Other
TSLA,XOM,0.2,same_cap_tier,Consumer Discretionary,Energy,Electric Vehicles,Oil & Gas
TXN,UNH,0.2,same_cap_tier,Other,Other,Other,Other
TXN,VZ,0.2,same_cap_tier,Other,Other,Other,Other
TXN,XOM,0.2,same_cap_tier,Other,Energy,Other,Oil & Gas
UNH,VZ,0.2,same_cap_tier,Other,Other,Other,Other
UNH,XOM,0.2,same_cap_tier,Other,Energy,Other,Oil & Gas
V,WMT,0.2,same_cap_tier,Financial Services,Consumer Staples,Payment Processing,Retail
VZ,XOM,0.2,same_cap_tier,Other,Energy,Other,Oil & Gas
